MENINGITE - Casos confirmados Notificados no Sistema de Informação de Agravos de Notificação - Brasil
Casos confirmados por Município de notificação
Período:2007-2023
"Município de notificação";"Casos_confirmados"
"110001 ALTA FLORESTA D'OESTE";3
"110002 ARIQUEMES";8
"110004 CACOAL";267
"110005 CEREJEIRAS";2
"110006 COLORADO DO OESTE";1
"110009 ESPIGAO D'OESTE";23
"110010 GUAJARA-MIRIM";2
"110011 JARU";4
"110012 JI-PARANA";23
"110013 MACHADINHO D'OESTE";2
"110015 OURO PRETO DO OESTE";25
"110018 PIMENTA BUENO";6
"110020 PORTO VELHO";687
"110028 ROLIM DE MOURA";7
"110029 SANTA LUZIA D'OESTE";2
"110030 VILHENA";43
"110032 SAO MIGUEL DO GUAPORE";1
"110034 ALVORADA D'OESTE";4
"110050 NOVO HORIZONTE DO OESTE";2
"110100 GOVERNADOR JORGE TEIXEIRA";1
"110120 MINISTRO ANDREAZZA";1
"110130 MIRANTE DA SERRA";1
"110149 SAO FRANCISCO DO GUAPORE";1
"110160 THEOBROMA";1
"120001 ACRELANDIA";1
"120005 ASSIS BRASIL";1
"120010 BRASILEIA";3
"120020 CRUZEIRO DO SUL";61
"120025 EPITACIOLANDIA";1
"120030 FEIJO";4
"120032 JORDAO";1
"120033 MANCIO LIMA";4
"120039 PORTO WALTER";1
"120040 RIO BRANCO";283
"120042 RODRIGUES ALVES";1
"120043 SANTA ROSA DO PURUS";1
"120060 TARAUACA";1
"130002 ALVARAES";1
"130006 AMATURA";1
"130010 ANORI";1
"130014 APUI";1
"130020 ATALAIA DO NORTE";2
"130030 AUTAZES";3
"130040 BARCELOS";2
"130060 BENJAMIN CONSTANT";5
"130063 BERURI";1
"130070 BOCA DO ACRE";1
"130080 BORBA";1
"130100 CARAUARI";2
"130110 CAREIRO";1
"130115 CAREIRO DA VARZEA";1
"130120 COARI";9
"130130 CODAJAS";1
"130140 EIRUNEPE";9
"130150 ENVIRA";4
"130160 FONTE BOA";2
"130165 GUAJARA";2
"130170 HUMAITA";4
"130185 IRANDUBA";2
"130190 ITACOATIARA";1
"130195 ITAMARATI";1
"130210 JAPURA";1
"130220 JURUA";1
"130240 LABREA";7
"130250 MANACAPURU";3
"130260 MANAUS";2589
"130270 MANICORE";1
"130280 MARAA";1
"130290 MAUES";6
"130310 NOVA OLINDA DO NORTE";3
"130320 NOVO AIRAO";3
"130330 NOVO ARIPUANA";1
"130340 PARINTINS";19
"130350 PAUINI";3
"130356 RIO PRETO DA EVA";3
"130360 SANTA ISABEL DO RIO NEGRO";2
"130380 SAO GABRIEL DA CACHOEIRA";8
"130395 SAO SEBASTIAO DO UATUMA";1
"130406 TABATINGA";18
"130410 TAPAUA";3
"130420 TEFE";10
"140010 BOA VISTA";371
"150010 ABAETETUBA";8
"150020 ACARA";7
"150030 AFUA";1
"150040 ALENQUER";5
"150050 ALMEIRIM";1
"150060 ALTAMIRA";154
"150070 ANAJAS";7
"150080 ANANINDEUA";17
"150090 AUGUSTO CORREA";2
"150095 AURORA DO PARA";3
"150110 BAGRE";2
"150120 BAIAO";1
"150130 BARCARENA";32
"150140 BELEM";5631
"150145 BELTERRA";1
"150150 BENEVIDES";5
"150170 BRAGANCA";10
"150172 BRASIL NOVO";2
"150178 BREU BRANCO";1
"150180 BREVES";51
"150210 CAMETA";34
"150215 CANAA DOS CARAJAS";6
"150220 CAPANEMA";11
"150240 CASTANHAL";18
"150250 CHAVES";2
"150260 COLARES";5
"150270 CONCEICAO DO ARAGUAIA";5
"150280 CURRALINHO";6
"150295 ELDORADO DOS CARAJAS";1
"150304 FLORESTA DO ARAGUAIA";2
"150307 GARRAFAO DO NORTE";1
"150345 IPIXUNA DO PARA";1
"150360 ITAITUBA";10
"150370 ITUPIRANGA";4
"150375 JACAREACANGA";4
"150390 JURUTI";2
"150400 LIMOEIRO DO AJURU";4
"150420 MARABA";115
"150440 MARAPANIM";2
"150442 MARITUBA";10
"150445 MEDICILANDIA";3
"150460 MOCAJUBA";2
"150470 MOJU";5
"150480 MONTE ALEGRE";4
"150490 MUANA";19
"150497 NOVA IPIXUNA";1
"150503 NOVO PROGRESSO";14
"150510 OBIDOS";3
"150520 OEIRAS DO PARA";2
"150530 ORIXIMINA";17
"150543 OURILANDIA DO NORTE";7
"150548 PACAJA";2
"150550 PARAGOMINAS";31
"150553 PARAUAPEBAS";72
"150580 PORTEL";1
"150611 QUATIPURU";1
"150613 REDENCAO";121
"150616 RIO MARIA";2
"150650 SANTA IZABEL DO PARA";5
"150658 SANTA MARIA DAS BARREIRAS";1
"150670 SANTANA DO ARAGUAIA";4
"150680 SANTAREM";173
"150720 SAO DOMINGOS DO CAPIM";9
"150730 SAO FELIX DO XINGU";16
"150740 SAO FRANCISCO DO PARA";1
"150745 SAO GERALDO DO ARAGUAIA";3
"150747 SAO JOAO DE PIRABAS";4
"150770 SAO SEBASTIAO DA BOA VISTA";6
"150790 SOURE";1
"150795 TAILANDIA";17
"150797 TERRA SANTA";1
"150800 TOME-ACU";12
"150803 TRACUATEUA";1
"150808 TUCUMA";4
"150810 TUCURUI";114
"150812 ULIANOPOLIS";3
"150815 URUARA";2
"150820 VIGIA";3
"150830 VISEU";3
"150835 VITORIA DO XINGU";6
"150840 XINGUARA";11
"160027 LARANJAL DO JARI";10
"160030 MACAPA";211
"160060 SANTANA";3
"170210 ARAGUAINA";604
"170240 ARRAIAS";1
"170255 AUGUSTINOPOLIS";14
"170384 CAMPOS LINDOS";1
"170550 COLINAS DO TOCANTINS";7
"170700 DIANOPOLIS";8
"170830 GOIANORTE";1
"170930 GUARAI";6
"170950 GURUPI";74
"170980 IPUEIRAS";1
"171050 ITACAJA";1
"171070 ITAGUATINS";1
"171245 LUZINOPOLIS";1
"171320 MIRACEMA DO TOCANTINS";1
"171500 NOVA ROSALANDIA";1
"171550 OLIVEIRA DE FATIMA";1
"171610 PARAISO DO TOCANTINS";17
"171630 PAU D'ARCO";1
"171700 PINDORAMA DO TOCANTINS";1
"171820 PORTO NACIONAL";12
"171845 PUGMIL";1
"172015 SAO FELIX DO TOCANTINS";1
"172080 SITIO NOVO DO TOCANTINS";1
"172085 SUCUPIRA";1
"172090 TAGUATINGA";2
"172100 PALMAS";281
"172120 TOCANTINOPOLIS";1
"172208 WANDERLANDIA";1
"172210 XAMBIOA";1
"210005 ACAILANDIA";8
"210015 AGUA DOCE DO MARANHAO";1
"210030 ALDEIAS ALTAS";1
"210050 ALTO PARNAIBA";1
"210060 AMARANTE DO MARANHAO";1
"210070 ANAJATUBA";2
"210080 ANAPURUS";2
"210095 ARAME";1
"210120 BACABAL";5
"210140 BALSAS";59
"210150 BARAO DE GRAJAU";1
"210160 BARRA DO CORDA";14
"210170 BARREIRINHAS";11
"210180 BENEDITO LEITE";1
"210193 BERNARDO DO MEARIM";1
"210200 BOM JARDIM";1
"210220 BURITI";1
"210232 BURITICUPU";2
"210250 CAJARI";1
"210255 CAMPESTRE DO MARANHAO";1
"210260 CANDIDO MENDES";1
"210270 CANTANHEDE";1
"210280 CAROLINA";1
"210300 CAXIAS";47
"210320 CHAPADINHA";4
"210325 CIDELANDIA";1
"210330 CODO";13
"210340 COELHO NETO";10
"210350 COLINAS";1
"210360 COROATA";18
"210370 CURURUPU";1
"210375 DAVINOPOLIS";2
"210400 ESPERANTINOPOLIS";3
"210405 ESTREITO";2
"210408 FERNANDO FALCAO";1
"210409 FORMOSA DA SERRA NEGRA";3
"210467 GOVERNADOR NUNES FREIRE";1
"210480 GRAJAU";6
"210520 IGARAPE GRANDE";2
"210530 IMPERATRIZ";181
"210540 ITAPECURU MIRIM";4
"210560 JOSELANDIA";1
"210600 LIMA CAMPOS";1
"210610 LORETO";1
"210640 MATA ROMA";1
"210650 MATINHA";2
"210663 MATOES DO NORTE";1
"210670 MIRADOR";2
"210690 MONCAO";6
"210710 MORROS";1
"210750 PACO DO LUMIAR";4
"210780 PARNARAMA";4
"210805 PAULINO NEVES";1
"210810 PAULO RAMOS";1
"210820 PEDREIRAS";6
"210845 PERITORO";2
"210860 PINHEIRO";10
"210910 PRESIDENTE DUTRA";49
"210923 PRESIDENTE MEDICI";1
"210930 PRESIDENTE VARGAS";1
"210945 RAPOSA";1
"210950 RIACHAO";1
"210970 SAMBAIBA";6
"210990 SANTA INES";6
"211000 SANTA LUZIA";1
"211027 SANTO AMARO DO MARANHAO";1
"211060 SAO BERNARDO";1
"211070 SAO DOMINGOS DO MARANHAO";2
"211080 SAO FELIX DE BALSAS";1
"211100 SAO JOAO BATISTA";1
"211105 SAO JOAO DO PARAISO";1
"211110 SAO JOAO DOS PATOS";1
"211120 SAO JOSE DE RIBAMAR";9
"211130 SAO LUIS";1481
"211160 SAO RAIMUNDO DAS MANGABEIRAS";6
"211210 TIMBIRAS";6
"211220 TIMON";18
"211230 TUNTUM";3
"211260 URBANO SANTOS";1
"211290 VITORIA DO MEARIM";1
"211300 VITORINO FREIRE";1
"211400 ZE DOCA";1
"220020 AGUA BRANCA";2
"220040 ALTOS";4
"220050 AMARANTE";3
"220105 ASSUNCAO DO PIAUI";2
"220110 AVELINO LOPES";1
"220115 BAIXA GRANDE DO RIBEIRO";1
"220117 BARRA D'ALCANTARA";4
"220120 BARRAS";2
"220150 BATALHA";1
"220160 BENEDITINOS";6
"220170 BERTOLINIA";1
"220173 BETANIA DO PIAUI";1
"220177 BOA HORA";1
"220180 BOCAINA";1
"220190 BOM JESUS";9
"220202 BURITI DOS MONTES";2
"220205 CABECEIRAS DO PIAUI";1
"220208 CAJUEIRO DA PRAIA";1
"220220 CAMPO MAIOR";3
"220230 CANTO DO BURITI";2
"220245 CAPITAO GERVASIO OLIVEIRA";1
"220260 CASTELO DO PIAUI";2
"220271 COCAL DE TELHA";1
"220300 CRISTALANDIA DO PIAUI";1
"220320 CURIMATA";1
"220325 CURRALINHOS";4
"220335 DIRCEU ARCOVERDE";1
"220350 ELESBAO VELOSO";3
"220370 ESPERANTINA";2
"220385 FLORESTA DO PIAUI";1
"220390 FLORIANO";10
"220430 FRONTEIRAS";2
"220450 GUADALUPE";1
"220460 HUGO NAPOLEAO";1
"220470 INHUMA";2
"220500 ITAINOPOLIS";1
"220520 JAICOS";1
"220527 JATOBA DO PIAUI";1
"220530 JERUMENHA";1
"220540 JOAQUIM PIRES";2
"220555 LAGOA ALEGRE";1
"220557 LAGOA DE SAO FRANCISCO";1
"220580 LUZILANDIA";2
"220585 MADEIRO";1
"220590 MANOEL EMIDIO";1
"220620 MIGUEL ALVES";11
"220640 MONSENHOR GIL";2
"220650 MONSENHOR HIPOLITO";3
"220660 MONTE ALEGRE DO PIAUI";1
"220672 NAZARIA";1
"220680 NOSSA SENHORA DOS REMEDIOS";1
"220695 NOVO SANTO ANTONIO";2
"220700 OEIRAS";16
"220710 OLHO D'AGUA DO PIAUI";1
"220770 PARNAIBA";28
"220775 PASSAGEM FRANCA DO PIAUI";1
"220779 PAU D'ARCO DO PIAUI";1
"220780 PAULISTANA";1
"220790 PEDRO II";4
"220800 PICOS";33
"220810 PIMENTEIRAS";2
"220830 PIRACURUCA";4
"220840 PIRIPIRI";7
"220850 PORTO";1
"220855 PORTO ALEGRE DO PIAUI";1
"220870 REDENCAO DO GURGUEIA";1
"220880 REGENERACAO";3
"220900 RIO GRANDE DO PIAUI";1
"220950 SANTO INACIO DO PIAUI";1
"220960 SAO FELIX DO PIAUI";2
"220980 SAO GONCALO DO PIAUI";6
"220990 SAO JOAO DA SERRA";1
"220995 SAO JOAO DA VARJOTA";1
"220997 SAO JOAO DO ARRAIAL";2
"221000 SAO JOAO DO PIAUI";5
"221050 SAO PEDRO DO PIAUI";2
"221060 SAO RAIMUNDO NONATO";2
"221063 SEBASTIAO LEAL";1
"221100 TERESINA";5220
"221110 UNIAO";3
"221120 URUCUI";2
"221130 VALENCA DO PIAUI";1
"221140 VARZEA GRANDE";1
"230015 ACARAPE";5
"230030 ACOPIARA";1
"230070 ALTO SANTO";1
"230100 AQUIRAZ";3
"230110 ARACATI";5
"230120 ARACOIABA";1
"230140 ARATUBA";1
"230160 ASSARE";1
"230185 BANABUIU";3
"230190 BARBALHA";146
"230195 BARREIRA";1
"230200 BARRO";3
"230210 BATURITE";8
"230220 BEBERIBE";1
"230250 BREJO SANTO";12
"230260 CAMOCIM";2
"230280 CANINDE";2
"230320 CARIRIACU";1
"230330 CARIUS";1
"230340 CARNAUBAL";2
"230350 CASCAVEL";1
"230370 CAUCAIA";32
"230393 CHORO";3
"230395 CHOROZINHO";1
"230410 CRATEUS";21
"230420 CRATO";22
"230423 CROATA";1
"230428 EUSEBIO";6
"230430 FARIAS BRITO";1
"230440 FORTALEZA";5469
"230470 GRANJA";1
"230500 GUARACIABA DO NORTE";1
"230523 HORIZONTE";5
"230533 IBICUITINGA";2
"230535 ICAPUI";1
"230540 ICO";4
"230550 IGUATU";11
"230590 IPUEIRAS";3
"230625 ITAITINGA";1
"230640 ITAPIPOCA";6
"230650 ITAPIUNA";1
"230655 ITAREMA";2
"230660 ITATIRA";1
"230690 JAGUARIBE";2
"230725 JIJOCA DE JERICOACOARA";1
"230730 JUAZEIRO DO NORTE";57
"230760 LIMOEIRO DO NORTE";8
"230763 MADALENA";1
"230765 MARACANAU";57
"230780 MARCO";2
"230790 MARTINOPOLE";1
"230810 MAURITI";2
"230830 MILAGRES";4
"230835 MILHA";1
"230850 MOMBACA";1
"230910 MULUNGU";1
"230940 NOVO ORIENTE";1
"230945 OCARA";3
"230950 OROS";1
"230960 PACAJUS";6
"230970 PACATUBA";2
"230980 PACOTI";4
"231000 PALHANO";1
"231030 PARAMBU";1
"231050 PEDRA BRANCA";1
"231060 PENAFORTE";1
"231110 PORTEIRAS";2
"231130 QUIXADA";6
"231140 QUIXERAMOBIM";29
"231150 QUIXERE";1
"231160 REDENCAO";5
"231170 RERIUTABA";4
"231180 RUSSAS";5
"231190 SABOEIRO";1
"231195 SALITRE";1
"231230 SAO BENEDITO";1
"231240 SAO GONCALO DO AMARANTE";12
"231290 SOBRAL";652
"231310 TABULEIRO DO NORTE";2
"231320 TAMBORIL";2
"231325 TARRAFAS";1
"231330 TAUA";1
"231340 TIANGUA";19
"231350 TRAIRI";1
"231360 UBAJARA";2
"231400 VARZEA ALEGRE";2
"240020 ACU";5
"240030 AFONSO BEZERRA";1
"240050 ALEXANDRIA";1
"240100 APODI";1
"240110 AREIA BRANCA";1
"240140 BAIA FORMOSA";1
"240145 BARAUNA";2
"240150 BARCELONA";1
"240160 BENTO FERNANDES";1
"240170 BOM JESUS";2
"240180 BREJINHO";2
"240200 CAICO";4
"240210 CAMPO REDONDO";1
"240220 CANGUARETAMA";2
"240230 CARAUBAS";1
"240240 CARNAUBA DOS DANTAS";3
"240250 CARNAUBAIS";1
"240260 CEARA-MIRIM";4
"240310 CURRAIS NOVOS";9
"240325 PARNAMIRIM";30
"240360 EXTREMOZ";5
"240420 GOIANINHA";2
"240430 GOVERNADOR DIX-SEPT ROSADO";2
"240440 GROSSOS";1
"240450 GUAMARE";1
"240470 IPANGUACU";1
"240480 IPUEIRA";1
"240530 JANUARIO CICCO";1
"240540 JAPI";1
"240580 JOAO CAMARA";2
"240610 JUCURUTU";2
"240620 LAGOA D'ANTA";1
"240630 LAGOA DE PEDRAS";1
"240670 LAJES";1
"240680 LAJES PINTADAS";1
"240700 LUIS GOMES";1
"240710 MACAIBA";7
"240720 MACAU";2
"240770 MONTANHAS";2
"240780 MONTE ALEGRE";1
"240800 MOSSORO";223
"240810 NATAL";1802
"240820 NISIA FLORESTA";1
"240830 NOVA CRUZ";3
"240890 PARELHAS";3
"240930 PATU";1
"240940 PAU DOS FERROS";5
"240980 PEDRO VELHO";1
"241010 POCO BRANCO";1
"241030 SERRA CAIADA";1
"241090 RIACHUELO";2
"241110 RUY BARBOSA";1
"241120 SANTA CRUZ";6
"241150 SANTO ANTONIO";1
"241180 SAO FERNANDO";1
"241190 SAO FRANCISCO DO OESTE";1
"241200 SAO GONCALO DO AMARANTE";4
"241220 SAO JOSE DE MIPIBU";1
"241230 SAO JOSE DO CAMPESTRE";2
"241250 SAO MIGUEL";3
"241255 SAO MIGUEL DO GOSTOSO";2
"241260 SAO PAULO DO POTENGI";2
"241280 SAO RAFAEL";1
"241300 SAO VICENTE";3
"241330 SERRA DE SAO BENTO";2
"241340 SERRA NEGRA DO NORTE";1
"241370 SITIO NOVO";1
"241390 TAIPU";4
"241400 TANGARA";2
"241415 TENENTE LAURENTINO CRUZ";1
"241440 TOUROS";5
"241460 UPANEMA";3
"250053 ALCANTIL";1
"250160 BARRA DE SANTA ROSA";1
"250215 BOA VISTA";1
"250320 CABEDELO";1
"250370 CAJAZEIRAS";29
"250380 CALDAS BRANDAO";1
"250400 CAMPINA GRANDE";366
"250407 CARAUBAS";1
"250430 CATOLE DO ROCHA";2
"250510 CUITE";2
"250600 ESPERANCA";1
"250630 GUARABIRA";3
"250750 JOAO PESSOA";743
"250780 JUNCO DO SERIDO";1
"250800 JURU";1
"250830 LAGOA SECA";1
"250860 LUCENA";1
"250900 MANAIRA";1
"250910 MARI";1
"250915 MARIZOPOLIS";1
"250939 MATUREIA";2
"251080 PATOS";17
"251130 PIANCO";2
"251150 PILAR";1
"251160 PILOES";1
"251170 PILOEZINHOS";1
"251203 POCO DANTAS";1
"251210 POMBAL";4
"251230 PRINCESA ISABEL";1
"251290 RIO TINTO";1
"251310 SALGADO DE SAO FELIX";1
"251330 SANTA HELENA";1
"251340 SANTA LUZIA";1
"251370 SANTA RITA";21
"251500 SAO MIGUEL DE TAIPU";1
"251530 SAPE";1
"251600 SOLANEA";1
"251620 SOUSA";32
"251630 SUME";1
"251650 TAPEROA";1
"260005 ABREU E LIMA";15
"260010 AFOGADOS DA INGAZEIRA";14
"260030 AGRESTINA";1
"260050 AGUAS BELAS";4
"260070 ALIANCA";14
"260080 ALTINHO";1
"260100 ANGELIM";1
"260110 ARARIPINA";3
"260120 ARCOVERDE";20
"260130 BARRA DE GUABIRABA";1
"260140 BARREIROS";2
"260170 BELO JARDIM";1
"260190 BEZERROS";5
"260200 BODOCO";4
"260220 BOM JARDIM";3
"260270 BUENOS AIRES";2
"260280 BUIQUE";1
"260290 CABO DE SANTO AGOSTINHO";82
"260300 CABROBO";2
"260320 CAETES";2
"260345 CAMARAGIBE";6
"260360 CAMUTANGA";2
"260380 CAPOEIRAS";2
"260392 CARNAUBEIRA DA PENHA";1
"260400 CARPINA";5
"260410 CARUARU";210
"260415 CASINHAS";1
"260430 CEDRO";1
"260440 CHA DE ALEGRIA";6
"260450 CHA GRANDE";2
"260460 CONDADO";2
"260490 CUMARU";2
"260520 ESCADA";10
"260530 EXU";2
"260570 FLORESTA";12
"260580 FREI MIGUELINHO";3
"260590 GAMELEIRA";2
"260600 GARANHUNS";19
"260620 GOIANA";13
"260640 GRAVATA";3
"260650 IATI";3
"260680 IGARASSU";10
"260700 INAJA";1
"260720 IPOJUCA";7
"260730 IPUBI";1
"260760 ILHA DE ITAMARACA";5
"260765 ITAMBE";3
"260775 ITAPISSUMA";4
"260780 ITAQUITINGA";1
"260790 JABOATAO DOS GUARARAPES";224
"260795 JAQUEIRA";2
"260805 JATOBA";1
"260810 JOAO ALFREDO";1
"260825 JUCATI";1
"260840 JUREMA";1
"260850 LAGOA DE ITAENGA";1
"260870 LAGOA DOS GATOS";3
"260875 LAGOA GRANDE";2
"260880 LAJEDO";1
"260890 LIMOEIRO";25
"260900 MACAPARANA";1
"260930 MIRANDIBA";2
"260940 MORENO";8
"260950 NAZARE DA MATA";5
"260960 OLINDA";187
"260970 OROBO";1
"260980 OROCO";1
"260990 OURICURI";34
"261000 PALMARES";17
"261020 PANELAS";3
"261030 PARANATAMA";2
"261060 PAUDALHO";2
"261070 PAULISTA";14
"261080 PEDRA";1
"261090 PESQUEIRA";12
"261100 PETROLANDIA";2
"261110 PETROLINA";362
"261140 PRIMAVERA";1
"261160 RECIFE";18585
"261170 RIACHO DAS ALMAS";1
"261180 RIBEIRAO";4
"261190 RIO FORMOSO";4
"261220 SALGUEIRO";13
"261230 SALOA";4
"261240 SANHARO";1
"261250 SANTA CRUZ DO CAPIBARIBE";11
"261260 SANTA MARIA DA BOA VISTA";2
"261280 SANTA TEREZINHA";1
"261300 SAO BENTO DO UNA";2
"261320 SAO JOAO";2
"261330 SAO JOAQUIM DO MONTE";2
"261360 SAO JOSE DO EGITO";2
"261370 SAO LOURENCO DA MATA";53
"261390 SERRA TALHADA";24
"261400 SERRITA";2
"261410 SERTANIA";1
"261420 SIRINHAEM";2
"261450 SURUBIM";1
"261460 TABIRA";2
"261470 TACAIMBO";1
"261485 TAMANDARE";3
"261510 TEREZINHA";1
"261540 TORITAMA";1
"261550 TRACUNHAEM";2
"261600 VENTUROSA";1
"261610 VERDEJANTE";1
"261618 VERTENTE DO LERIO";1
"261620 VERTENTES";2
"261640 VITORIA DE SANTO ANTAO";48
"270030 ARAPIRACA";9
"270040 ATALAIA";1
"270070 BATALHA";2
"270090 BELO MONTE";1
"270110 BRANQUINHA";1
"270170 CAPELA";2
"270210 COLONIA LEOPOLDINA";1
"270230 CORURIPE";3
"270235 CRAIBAS";1
"270240 DELMIRO GOUVEIA";5
"270250 DOIS RIACHOS";1
"270260 FEIRA GRANDE";2
"270280 FLEXEIRAS";1
"270290 GIRAU DO PONCIANO";3
"270340 JACARE DOS HOMENS";1
"270380 JOAQUIM GOMES";2
"270430 MACEIO";1988
"270440 MAJOR ISIDORO";1
"270450 MARAGOGI";1
"270470 MARECHAL DEODORO";7
"270480 MARIBONDO";1
"270500 MATA GRANDE";1
"270644 PARIPUEIRA";1
"270680 PIACABUCU";1
"270710 PIRANHAS";2
"270750 PORTO REAL DO COLEGIO";1
"270770 RIO LARGO";2
"270800 SANTANA DO IPANEMA";10
"270820 SAO BRAS";1
"270840 SAO JOSE DA TAPERA";2
"270860 SAO MIGUEL DOS CAMPOS";2
"270880 SAO SEBASTIAO";2
"270915 TEOTONIO VILELA";2
"270930 UNIAO DOS PALMARES";3
"270940 VICOSA";3
"280010 AMPARO DE SAO FRANCISCO";1
"280030 ARACAJU";766
"280040 ARAUA";2
"280067 BOQUIM";3
"280070 BREJO GRANDE";1
"280150 CARMOPOLIS";1
"280170 CRISTINAPOLIS";2
"280210 ESTANCIA";9
"280290 ITABAIANA";15
"280300 ITABAIANINHA";1
"280320 ITAPORANGA D'AJUDA";2
"280350 LAGARTO";6
"280360 LARANJEIRAS";1
"280440 NEOPOLIS";2
"280460 NOSSA SENHORA DAS DORES";1
"280480 NOSSA SENHORA DO SOCORRO";6
"280510 PEDRINHAS";1
"280550 POCO VERDE";1
"280570 PROPRIA";2
"280580 RIACHAO DO DANTAS";1
"280590 RIACHUELO";2
"280630 SANTA LUZIA DO ITANHY";1
"280670 SAO CRISTOVAO";1
"280680 SAO DOMINGOS";1
"280710 SIMAO DIAS";2
"280730 TELHA";1
"280740 TOBIAS BARRETO";2
"280760 UMBAUBA";2
"290020 ABARE";2
"290030 ACAJUTIBA";3
"290035 ADUSTINA";1
"290040 AGUA FRIA";2
"290070 ALAGOINHAS";45
"290090 ALMADINA";1
"290100 AMARGOSA";7
"290110 AMELIA RODRIGUES";5
"290115 AMERICA DOURADA";3
"290120 ANAGE";1
"290130 ANDARAI";2
"290140 ANGICAL";2
"290150 ANGUERA";1
"290160 ANTAS";1
"290170 ANTONIO CARDOSO";1
"290190 APORA";2
"290205 ARACAS";2
"290210 ARACI";8
"290230 ARATUIPE";3
"290250 BAIANOPOLIS";2
"290260 BAIXA GRANDE";1
"290265 BANZAE";3
"290270 BARRA";14
"290280 BARRA DA ESTIVA";6
"290290 BARRA DO CHOCA";2
"290300 BARRA DO MENDES";7
"290310 BARRA DO ROCHA";2
"290320 BARREIRAS";204
"290323 BARRO ALTO";1
"290327 BARROCAS";1
"290340 BELMONTE";3
"290360 BIRITINGA";1
"290390 BOM JESUS DA LAPA";11
"290395 BOM JESUS DA SERRA";3
"290400 BONINAL";2
"290405 BONITO";2
"290410 BOQUIRA";2
"290430 BREJOES";2
"290440 BREJOLANDIA";1
"290460 BRUMADO";4
"290485 CABACEIRAS DO PARAGUACU";6
"290490 CACHOEIRA";4
"290510 CAEM";2
"290520 CAETITE";19
"290530 CAFARNAUM";5
"290540 CAIRU";1
"290550 CALDEIRAO GRANDE";1
"290560 CAMACAN";1
"290570 CAMACARI";53
"290590 CAMPO ALEGRE DE LOURDES";1
"290600 CAMPO FORMOSO";10
"290610 CANAPOLIS";1
"290620 CANARANA";5
"290630 CANAVIEIRAS";1
"290650 CANDEIAS";45
"290660 CANDIBA";2
"290670 CANDIDO SALES";4
"290680 CANSANCAO";1
"290682 CANUDOS";3
"290687 CAPIM GROSSO";5
"290700 CARDEAL DA SILVA";2
"290720 CASA NOVA";3
"290730 CASTRO ALVES";9
"290750 CATU";36
"290760 CENTRAL";2
"290780 CICERO DANTAS";6
"290790 CIPO";3
"290800 COARACI";2
"290810 COCOS";1
"290830 CONCEICAO DO ALMEIDA";1
"290850 CONCEICAO DO JACUIPE";3
"290860 CONDE";12
"290870 CONDEUBA";1
"290880 CONTENDAS DO SINCORA";1
"290890 CORACAO DE MARIA";4
"290900 CORDEIROS";2
"290910 CORIBE";1
"290930 CORRENTINA";6
"290940 COTEGIPE";1
"290970 CRISTOPOLIS";4
"290980 CRUZ DAS ALMAS";9
"291000 DARIO MEIRA";1
"291005 DIAS D'AVILA";7
"291010 DOM BASILIO";2
"291030 ELISIO MEDRADO";1
"291040 ENCRUZILHADA";2
"291050 ENTRE RIOS";13
"291060 ESPLANADA";4
"291070 EUCLIDES DA CUNHA";4
"291072 EUNAPOLIS";36
"291075 FATIMA";3
"291080 FEIRA DE SANTANA";441
"291085 FILADELFIA";2
"291110 FORMOSA DO RIO PRETO";5
"291120 GANDU";1
"291140 GLORIA";2
"291160 GOVERNADOR MANGABEIRA";1
"291170 GUANAMBI";49
"291180 GUARATINGA";4
"291185 HELIOPOLIS";1
"291190 IACU";3
"291210 IBICARAI";1
"291220 IBICOARA";2
"291230 IBICUI";1
"291240 IBIPEBA";2
"291250 IBIPITANGA";1
"291270 IBIRAPITANGA";5
"291300 IBITIARA";1
"291310 IBITITA";10
"291320 IBOTIRAMA";1
"291350 IGUAI";3
"291360 ILHEUS";147
"291370 INHAMBUPE";5
"291380 IPECAETA";3
"291390 IPIAU";5
"291400 IPIRA";8
"291410 IPUPIARA";1
"291440 IRAQUARA";4
"291450 IRARA";12
"291460 IRECE";338
"291465 ITABELA";3
"291470 ITABERABA";9
"291480 ITABUNA";341
"291500 ITAETE";1
"291510 ITAGI";1
"291550 ITAJUIPE";3
"291560 ITAMARAJU";18
"291600 ITANHEM";4
"291610 ITAPARICA";6
"291620 ITAPE";1
"291630 ITAPEBI";3
"291640 ITAPETINGA";7
"291650 ITAPICURU";1
"291660 ITAPITANGA";2
"291710 ITORORO";1
"291720 ITUACU";2
"291730 ITUBERA";1
"291750 JACOBINA";11
"291770 JAGUARARI";3
"291790 JANDAIRA";1
"291800 JEQUIE";125
"291810 JEREMOABO";1
"291820 JIQUIRICA";1
"291835 JOAO DOURADO";8
"291840 JUAZEIRO";127
"291845 JUCURUCU";1
"291850 JUSSARA";3
"291875 LAGOA REAL";3
"291880 LAJE";5
"291890 LAJEDAO";1
"291905 LAJEDO DO TABOCAL";1
"291915 LAPAO";3
"291920 LAURO DE FREITAS";45
"291930 LENCOIS";1
"291940 LICINIO DE ALMEIDA";2
"291955 LUIS EDUARDO MAGALHAES";20
"291960 MACAJUBA";2
"291970 MACARANI";1
"291980 MACAUBAS";5
"291990 MACURURE";1
"291992 MADRE DE DEUS";16
"292010 MAIRI";3
"292060 MARAGOGIPE";3
"292070 MARAU";1
"292080 MARCIONILIO SOUZA";1
"292100 MATA DE SAO JOAO";16
"292105 MATINA";1
"292120 MIGUEL CALMON";5
"292130 MILAGRES";2
"292140 MIRANGABA";1
"292150 MONTE SANTO";9
"292170 MORRO DO CHAPEU";3
"292190 MUCUGE";1
"292200 MUCURI";3
"292205 MULUNGU DO MORRO";2
"292220 MUNIZ FERREIRA";1
"292230 MURITIBA";1
"292240 MUTUIPE";4
"292250 NAZARE";10
"292265 NORDESTINA";3
"292273 NOVA FATIMA";1
"292290 NOVA SOURE";3
"292300 NOVA VICOSA";8
"292310 OLINDINA";1
"292320 OLIVEIRA DOS BREJINHOS";3
"292335 OUROLANDIA";1
"292340 PALMAS DE MONTE ALTO";1
"292360 PARAMIRIM";10
"292370 PARATINGA";3
"292380 PARIPIRANGA";1
"292390 PAU BRASIL";1
"292400 PAULO AFONSO";27
"292410 PEDRAO";1
"292420 PEDRO ALEXANDRE";1
"292430 PIATA";3
"292460 PINDOBACU";3
"292465 PINTADAS";3
"292470 PIRIPA";1
"292480 PIRITIBA";2
"292500 PLANALTO";1
"292510 POCOES";3
"292520 POJUCA";18
"292530 PORTO SEGURO";126
"292550 PRADO";2
"292560 PRESIDENTE DUTRA";1
"292575 PRESIDENTE TANCREDO NEVES";5
"292580 QUEIMADAS";2
"292590 QUIJINGUE";3
"292595 RAFAEL JAMBEIRO";6
"292600 REMANSO";4
"292620 RIACHAO DAS NEVES";1
"292630 RIACHAO DO JACUIPE";2
"292640 RIACHO DE SANTANA";2
"292660 RIBEIRA DO POMBAL";23
"292670 RIO DE CONTAS";2
"292700 RIO REAL";4
"292710 RODELAS";1
"292720 RUY BARBOSA";5
"292730 SALINAS DA MARGARIDA";1
"292740 SALVADOR";10818
"292750 SANTA BARBARA";1
"292760 SANTA BRIGIDA";1
"292770 SANTA CRUZ CABRALIA";2
"292800 SANTALUZ";9
"292810 SANTA MARIA DA VITORIA";5
"292820 SANTANA";1
"292840 SANTA RITA DE CASSIA";5
"292850 SANTA TERESINHA";9
"292860 SANTO AMARO";1
"292870 SANTO ANTONIO DE JESUS";76
"292880 SANTO ESTEVAO";7
"292890 SAO DESIDERIO";1
"292895 SAO DOMINGOS";5
"292900 SAO FELIX";9
"292905 SAO FELIX DO CORIBE";1
"292910 SAO FELIPE";7
"292920 SAO FRANCISCO DO CONDE";1
"292925 SAO GABRIEL";9
"292930 SAO GONCALO DOS CAMPOS";1
"292937 SAO JOSE DO JACUIPE";1
"292940 SAO MIGUEL DAS MATAS";2
"292950 SAO SEBASTIAO DO PASSE";13
"292960 SAPEACU";8
"292970 SATIRO DIAS";3
"292975 SAUBARA";3
"292990 SEABRA";10
"293010 SENHOR DO BONFIM";16
"293050 SERRINHA";18
"293070 SIMOES FILHO";37
"293076 SITIO DO QUINTO";1
"293077 SOBRADINHO";1
"293080 SOUTO SOARES";2
"293110 TANQUINHO";1
"293120 TAPEROA";2
"293135 TEIXEIRA DE FREITAS";146
"293140 TEODORO SAMPAIO";5
"293150 TEOFILANDIA";2
"293170 TERRA NOVA";2
"293180 TREMEDAL";1
"293190 TUCANO";13
"293200 UAUA";1
"293210 UBAIRA";4
"293220 UBAITABA";3
"293230 UBATA";2
"293240 UIBAI";1
"293245 UMBURANAS";2
"293290 VALENCA";11
"293300 VALENTE";7
"293310 VARZEA DO POCO";1
"293320 VERA CRUZ";8
"293330 VITORIA DA CONQUISTA";1214
"293350 WENCESLAU GUIMARAES";1
"293360 XIQUE-XIQUE";1
"310010 ABADIA DOS DOURADOS";1
"310020 ABAETE";5
"310060 AGUA BOA";1
"310070 AGUA COMPRIDA";1
"310090 AGUAS FORMOSAS";5
"310110 AIMORES";11
"310120 AIURUOCA";5
"310150 ALEM PARAIBA";21
"310160 ALFENAS";78
"310170 ALMENARA";6
"310200 ALTEROSA";1
"310230 ALVINOPOLIS";1
"310260 ANDRADAS";66
"310280 ANDRELANDIA";2
"310285 ANGELANDIA";2
"310340 ARACUAI";8
"310350 ARAGUARI";36
"310375 ARAPORA";2
"310380 ARAPUA";1
"310400 ARAXA";81
"310420 ARCOS";5
"310430 AREADO";3
"310450 ARINOS";2
"310470 ATALEIA";1
"310480 AUGUSTO DE LIMA";1
"310490 BAEPENDI";36
"310510 BAMBUI";3
"310540 BARAO DE COCAIS";4
"310560 BARBACENA";92
"310570 BARRA LONGA";1
"310590 BARROSO";3
"310610 BELMIRO BRAGA";1
"310620 BELO HORIZONTE";6130
"310630 BELO ORIENTE";2
"310640 BELO VALE";1
"310670 BETIM";641
"310690 BICAS";1
"310710 BOA ESPERANCA";16
"310730 BOCAIUVA";14
"310740 BOM DESPACHO";7
"310810 BONFIM";1
"310830 BORDA DA MATA";3
"310850 BOTUMIRIM";1
"310860 BRASILIA DE MINAS";20
"310900 BRUMADINHO";7
"310910 BUENO BRANDAO";3
"310920 BUENOPOLIS";1
"310940 BURITIZEIRO";1
"310950 CABO VERDE";1
"310990 CAETANOPOLIS";1
"311000 CAETE";5
"311030 CALDAS";3
"311050 CAMANDUCAIA";12
"311060 CAMBUI";11
"311090 CAMPANHA";2
"311100 CAMPESTRE";7
"311110 CAMPINA VERDE";16
"311120 CAMPO BELO";17
"311160 CAMPOS GERAIS";8
"311180 CANAPOLIS";2
"311200 CANDEIAS";2
"311220 CAPELA NOVA";1
"311230 CAPELINHA";13
"311270 CAPITAO ENEAS";2
"311320 CARANDAI";1
"311330 CARANGOLA";95
"311340 CARATINGA";34
"311370 CARLOS CHAGAS";1
"311400 CARMO DA MATA";2
"311430 CARMO DO PARANAIBA";2
"311450 CARMOPOLIS DE MINAS";1
"311455 CARNEIRINHO";1
"311500 CASCALHO RICO";2
"311530 CATAGUASES";36
"311550 CAXAMBU";6
"311560 CEDRO DO ABAETE";1
"311580 CENTRALINA";3
"311615 CHAPADA GAUCHA";1
"311660 CLAUDIO";2
"311690 COMENDADOR GOMES";2
"311730 CONCEICAO DAS ALAGOAS";3
"311750 CONCEICAO DO MATO DENTRO";1
"311770 CONCEICAO DO RIO VERDE";3
"311780 CONCEICAO DOS OUROS";1
"311800 CONGONHAS";8
"311810 CONGONHAS DO NORTE";1
"311830 CONSELHEIRO LAFAIETE";58
"311850 CONSOLACAO";1
"311860 CONTAGEM";259
"311880 CORACAO DE JESUS";5
"311920 COROACI";1
"311930 COROMANDEL";6
"311940 CORONEL FABRICIANO";103
"311995 CORREGO FUNDO";1
"312020 CRISTAIS";2
"312050 CRISTINA";2
"312060 CRUCILANDIA";2
"312080 CRUZILIA";4
"312090 CURVELO";68
"312110 DELFIM MOREIRA";2
"312130 DESCOBERTO";1
"312150 DESTERRO DO MELO";1
"312160 DIAMANTINA";35
"312170 DIOGO DE VASCONCELOS";1
"312200 DIVINO";1
"312230 DIVINOPOLIS";217
"312245 DIVISOPOLIS";1
"312270 DOM SILVERIO";2
"312320 DORES DO INDAIA";1
"312360 ELOI MENDES";11
"312380 ENGENHEIRO NAVARRO";1
"312390 ENTRE RIOS DE MINAS";2
"312410 ESMERALDAS";3
"312420 ESPERA FELIZ";1
"312430 ESPINOSA";6
"312450 ESTIVA";3
"312470 ESTRELA DO INDAIA";1
"312510 EXTREMA";33
"312560 FELISBURGO";6
"312595 FERVEDOURO";1
"312610 FORMIGA";68
"312660 FRANCISCO DUMONT";1
"312670 FRANCISCO SA";5
"312700 FRONTEIRA";4
"312710 FRUTAL";43
"312733 GAMELEIRAS";1
"312750 GONZAGA";1
"312770 GOVERNADOR VALADARES";355
"312780 GRAO MOGOL";1
"312800 GUANHAES";4
"312810 GUAPE";1
"312830 GUARANESIA";2
"312860 GUARDA-MOR";1
"312870 GUAXUPE";66
"312900 GUIRICEMA";1
"312950 IBIA";6
"312965 IBIRACATU";2
"312970 IBIRACI";2
"312980 IBIRITE";12
"313010 IGARAPE";1
"313030 IGUATAMA";1
"313060 INCONFIDENTES";1
"313115 IPABA";2
"313120 IPANEMA";3
"313130 IPATINGA";427
"313150 IPUIUNA";4
"313160 IRAI DE MINAS";1
"313170 ITABIRA";23
"313190 ITABIRITO";2
"313220 ITAGUARA";1
"313240 ITAJUBA";139
"313250 ITAMARANDIBA";1
"313270 ITAMBACURI";11
"313300 ITAMONTE";12
"313310 ITANHANDU";8
"313330 ITAOBIM";8
"313350 ITAPECERICA";1
"313380 ITAUNA";19
"313420 ITUIUTABA";199
"313440 ITURAMA";11
"313480 JACUI";2
"313490 JACUTINGA";10
"313505 JAIBA";7
"313510 JANAUBA";32
"313520 JANUARIA";12
"313620 JOAO MONLEVADE";13
"313630 JOAO PINHEIRO";2
"313665 JUATUBA";1
"313670 JUIZ DE FORA";537
"313680 JURAMENTO";1
"313690 JURUAIA";2
"313720 LAGOA DA PRATA";11
"313760 LAGOA SANTA";5
"313770 LAJINHA";2
"313780 LAMBARI";6
"313790 LAMIM";1
"313810 LASSANCE";1
"313820 LAVRAS";139
"313840 LEOPOLDINA";31
"313880 LUZ";3
"313890 MACHACALIS";3
"313900 MACHADO";10
"313920 MALACACHETA";3
"313925 MAMONAS";1
"313930 MANGA";3
"313940 MANHUACU";94
"313950 MANHUMIRIM";10
"313960 MANTENA";6
"313990 MARIA DA FE";3
"314000 MARIANA";14
"314040 MARMELOPOLIS";1
"314050 MARTINHO CAMPOS";2
"314070 MATEUS LEME";6
"314085 MATIAS CARDOSO";1
"314090 MATIPO";1
"314100 MATO VERDE";2
"314110 MATOZINHOS";1
"314140 MEDINA";3
"314180 MINAS NOVAS";2
"314200 MIRABELA";2
"314220 MIRAI";3
"314270 MONTALVANIA";2
"314280 MONTE ALEGRE DE MINAS";5
"314290 MONTE AZUL";4
"314310 MONTE CARMELO";16
"314320 MONTE SANTO DE MINAS";3
"314330 MONTES CLAROS";402
"314340 MONTE SIAO";6
"314390 MURIAE";22
"314400 MUTUM";1
"314410 MUZAMBINHO";8
"314430 NANUQUE";15
"314460 NEPOMUCENO";1
"314470 NOVA ERA";2
"314480 NOVA LIMA";67
"314500 NOVA PONTE";2
"314520 NOVA SERRANA";12
"314530 NOVO CRUZEIRO";3
"314537 NOVORIZONTE";1
"314560 OLIVEIRA";24
"314590 OURO BRANCO";40
"314600 OURO FINO";17
"314610 OURO PRETO";29
"314630 PADRE PARAISO";2
"314650 PAINS";1
"314655 PAI PEDRO";1
"314700 PARACATU";45
"314710 PARA DE MINAS";30
"314720 PARAGUACU";2
"314760 PASSA QUATRO";8
"314790 PASSOS";110
"314800 PATOS DE MINAS";129
"314810 PATROCINIO";35
"314860 PECANHA";1
"314870 PEDRA AZUL";3
"314930 PEDRO LEOPOLDO";6
"314970 PERDIGAO";1
"314990 PERDOES";1
"315050 PIMENTA";2
"315110 PIRAPETINGA";2
"315120 PIRAPORA";22
"315140 PITANGUI";1
"315150 PIUMHI";24
"315170 POCO FUNDO";2
"315180 POCOS DE CALDAS";99
"315190 POCRANE";2
"315200 POMPEU";1
"315210 PONTE NOVA";45
"315220 PORTEIRINHA";2
"315250 POUSO ALEGRE";243
"315280 PRATA";2
"315290 PRATAPOLIS";1
"315400 RAUL SOARES";3
"315430 RESPLENDOR";20
"315445 RIACHINHO";1
"315460 RIBEIRAO DAS NEVES";31
"315470 RIBEIRAO VERMELHO";1
"315490 RIO CASCA";1
"315560 RIO PARDO DE MINAS";3
"315570 RIO PIRACICABA";1
"315600 RIO VERMELHO";1
"315650 RUBELITA";1
"315670 SABARA";10
"315680 SABINOPOLIS";1
"315690 SACRAMENTO";7
"315700 SALINAS";7
"315720 SANTA BARBARA";5
"315765 SANTA HELENA DE MINAS";1
"315770 SANTA JULIANA";1
"315780 SANTA LUZIA";13
"315790 SANTA MARGARIDA";2
"315820 SANTA MARIA DO SUACUI";2
"315890 SANTANA DO MANHUACU";1
"315960 SANTA RITA DO SAPUCAI";9
"315970 SANTA ROSA DA SERRA";2
"315980 SANTA VITORIA";3
"315990 SANTO ANTONIO DO AMPARO";3
"316030 SANTO ANTONIO DO JACINTO";1
"316040 SANTO ANTONIO DO MONTE";5
"316045 SANTO ANTONIO DO RETIRO";1
"316070 SANTOS DUMONT";2
"316100 SAO DOMINGOS DO PRATA";2
"316110 SAO FRANCISCO";8
"316130 SAO FRANCISCO DE SALES";1
"316150 SAO GERALDO";1
"316170 SAO GONCALO DO ABAETE";1
"316180 SAO GONCALO DO PARA";2
"316200 SAO GONCALO DO SAPUCAI";11
"316210 SAO GOTARDO";19
"316230 SAO JOAO DA MATA";1
"316240 SAO JOAO DA PONTE";1
"316250 SAO JOAO DEL REI";24
"316265 SAO JOAO DO PACUI";1
"316270 SAO JOAO DO PARAISO";2
"316290 SAO JOAO NEPOMUCENO";2
"316370 SAO LOURENCO";43
"316430 SAO ROQUE DE MINAS";1
"316460 SAO SEBASTIAO DO OESTE";1
"316470 SAO SEBASTIAO DO PARAISO";72
"316510 SAO TOMAS DE AQUINO";3
"316520 SAO THOME DAS LETRAS";1
"316530 SAO VICENTE DE MINAS";2
"316553 SARZEDO";5
"316557 SENADOR AMARAL";1
"316600 SENHORA DE OLIVEIRA";1
"316710 SERRO";4
"316720 SETE LAGOAS";289
"316800 TAIOBEIRAS";21
"316860 TEOFILO OTONI";160
"316870 TIMOTEO";32
"316880 TIRADENTES";1
"316920 TOMBOS";1
"316930 TRES CORACOES";42
"316935 TRES MARIAS";5
"316940 TRES PONTAS";27
"316960 TUPACIGUARA";1
"316970 TURMALINA";4
"316990 UBA";77
"317005 UBAPORANGA";1
"317010 UBERABA";1291
"317020 UBERLANDIA";2528
"317040 UNAI";31
"317052 URUCUIA";1
"317065 VARGEM GRANDE DO RIO PARDO";1
"317070 VARGINHA";182
"317080 VARZEA DA PALMA";6
"317090 VARZELANDIA";1
"317100 VAZANTE";1
"317120 VESPASIANO";2
"317130 VICOSA";68
"317160 VIRGEM DA LAPA";2
"317170 VIRGINIA";1
"317180 VIRGINOPOLIS";2
"317200 VISCONDE DO RIO BRANCO";21
"320010 AFONSO CLAUDIO";1
"320020 ALEGRE";1
"320030 ALFREDO CHAVES";1
"320040 ANCHIETA";3
"320060 ARACRUZ";17
"320070 ATILIO VIVACQUA";1
"320080 BAIXO GUANDU";3
"320090 BARRA DE SAO FRANCISCO";10
"320100 BOA ESPERANCA";3
"320120 CACHOEIRO DE ITAPEMIRIM";356
"320130 CARIACICA";251
"320140 CASTELO";17
"320150 COLATINA";131
"320160 CONCEICAO DA BARRA";6
"320170 CONCEICAO DO CASTELO";1
"320190 DOMINGOS MARTINS";43
"320210 ECOPORANGA";2
"320220 FUNDAO";1
"320230 GUACUI";17
"320240 GUARAPARI";9
"320245 IBATIBA";3
"320255 IBITIRAMA";3
"320260 ICONHA";10
"320280 ITAPEMIRIM";6
"320290 ITARANA";2
"320300 IUNA";5
"320305 JAGUARE";14
"320313 JOAO NEIVA";2
"320316 LARANJA DA TERRA";1
"320320 LINHARES";230
"320334 MARECHAL FLORIANO";1
"320340 MIMOSO DO SUL";3
"320350 MONTANHA";3
"320360 MUCURICI";4
"320370 MUNIZ FREIRE";2
"320390 NOVA VENECIA";3
"320400 PANCAS";1
"320405 PEDRO CANARIO";5
"320410 PINHEIROS";1
"320430 PRESIDENTE KENNEDY";2
"320435 RIO BANANAL";1
"320450 SANTA LEOPOLDINA";2
"320455 SANTA MARIA DE JETIBA";2
"320460 SANTA TERESA";3
"320470 SAO GABRIEL DA PALHA";3
"320480 SAO JOSE DO CALCADO";2
"320490 SAO MATEUS";196
"320495 SAO ROQUE DO CANAA";1
"320500 SERRA";277
"320503 VARGEM ALTA";2
"320506 VENDA NOVA DO IMIGRANTE";30
"320510 VIANA";1
"320520 VILA VELHA";289
"320530 VITORIA";996
"330010 ANGRA DOS REIS";83
"330015 APERIBE";5
"330020 ARARUAMA";55
"330023 ARMACAO DOS BUZIOS";29
"330025 ARRAIAL DO CABO";3
"330030 BARRA DO PIRAI";23
"330040 BARRA MANSA";34
"330045 BELFORD ROXO";61
"330050 BOM JARDIM";10
"330060 BOM JESUS DO ITABAPOANA";29
"330070 CABO FRIO";100
"330080 CACHOEIRAS DE MACACU";10
"330090 CAMBUCI";7
"330093 CARAPEBUS";1
"330100 CAMPOS DOS GOYTACAZES";586
"330110 CANTAGALO";1
"330120 CARMO";5
"330130 CASIMIRO DE ABREU";13
"330140 CONCEICAO DE MACABU";2
"330150 CORDEIRO";5
"330170 DUQUE DE CAXIAS";1095
"330185 GUAPIMIRIM";19
"330187 IGUABA GRANDE";4
"330190 ITABORAI";88
"330200 ITAGUAI";78
"330205 ITALVA";1
"330210 ITAOCARA";18
"330220 ITAPERUNA";291
"330225 ITATIAIA";5
"330227 JAPERI";15
"330230 LAJE DO MURIAE";2
"330240 MACAE";275
"330250 MAGE";52
"330260 MANGARATIBA";15
"330270 MARICA";61
"330285 MESQUITA";36
"330290 MIGUEL PEREIRA";9
"330300 MIRACEMA";2
"330320 NILOPOLIS";120
"330330 NITEROI";1120
"330340 NOVA FRIBURGO";73
"330350 NOVA IGUACU";557
"330360 PARACAMBI";11
"330370 PARAIBA DO SUL";4
"330380 PARATY";20
"330385 PATY DO ALFERES";3
"330390 PETROPOLIS";278
"330395 PINHEIRAL";6
"330400 PIRAI";18
"330410 PORCIUNCULA";3
"330411 PORTO REAL";7
"330412 QUATIS";1
"330414 QUEIMADOS";9
"330415 QUISSAMA";10
"330420 RESENDE";137
"330430 RIO BONITO";30
"330450 RIO DAS FLORES";2
"330452 RIO DAS OSTRAS";39
"330455 RIO DE JANEIRO";10881
"330470 SANTO ANTONIO DE PADUA";22
"330475 SAO FRANCISCO DE ITABAPOANA";3
"330480 SAO FIDELIS";10
"330490 SAO GONCALO";805
"330500 SAO JOAO DA BARRA";2
"330510 SAO JOAO DE MERITI";58
"330513 SAO JOSE DE UBA";1
"330515 SAO JOSE DO VALE DO RIO PRETO";1
"330520 SAO PEDRO DA ALDEIA";17
"330530 SAO SEBASTIAO DO ALTO";2
"330540 SAPUCAIA";1
"330550 SAQUAREMA";29
"330555 SEROPEDICA";7
"330560 SILVA JARDIM";4
"330570 SUMIDOURO";5
"330575 TANGUA";8
"330580 TERESOPOLIS";152
"330590 TRAJANO DE MORAES";1
"330600 TRES RIOS";37
"330610 VALENCA";25
"330615 VARRE-SAI";2
"330620 VASSOURAS";25
"330630 VOLTA REDONDA";214
"350010 ADAMANTINA";24
"350030 AGUAI";15
"350040 AGUAS DA PRATA";1
"350050 AGUAS DE LINDOIA";17
"350060 AGUAS DE SAO PEDRO";1
"350070 AGUDOS";5
"350130 ALVARES MACHADO";1
"350160 AMERICANA";1148
"350170 AMERICO BRASILIENSE";61
"350190 AMPARO";63
"350210 ANDRADINA";88
"350220 ANGATUBA";1
"350250 APARECIDA";14
"350270 APIAI";6
"350275 ARACARIGUAMA";3
"350280 ARACATUBA";1086
"350290 ARACOIABA DA SERRA";2
"350310 ARANDU";2
"350320 ARARAQUARA";361
"350330 ARARAS";522
"350340 AREALVA";4
"350380 ARTUR NOGUEIRA";2
"350390 ARUJA";109
"350400 ASSIS";158
"350410 ATIBAIA";349
"350420 AURIFLAMA";1
"350450 AVARE";220
"350510 BARBOSA";3
"350530 BARRA BONITA";19
"350550 BARRETOS";524
"350570 BARUERI";2491
"350580 BASTOS";6
"350590 BATATAIS";51
"350600 BAURU";1733
"350610 BEBEDOURO";368
"350630 BERNARDINO DE CAMPOS";5
"350635 BERTIOGA";66
"350650 BIRIGUI";54
"350670 BOA ESPERANCA DO SUL";1
"350700 BOITUVA";17
"350710 BOM JESUS DOS PERDOES";2
"350740 BORBOREMA";1
"350750 BOTUCATU";663
"350760 BRAGANCA PAULISTA";486
"350770 BRAUNA";1
"350780 BRODOWSKI";1
"350790 BROTAS";14
"350810 BURITAMA";17
"350840 CABREUVA";11
"350850 CACAPAVA";22
"350860 CACHOEIRA PAULISTA";1
"350870 CACONDE";3
"350880 CAFELANDIA";5
"350900 CAIEIRAS";86
"350920 CAJAMAR";35
"350930 CAJOBI";1
"350940 CAJURU";5
"350950 CAMPINAS";4159
"350960 CAMPO LIMPO PAULISTA";33
"350970 CAMPOS DO JORDAO";22
"351000 CANDIDO MOTA";9
"351020 CAPAO BONITO";29
"351040 CAPIVARI";64
"351050 CARAGUATATUBA";57
"351060 CARAPICUIBA";362
"351080 CASA BRANCA";5
"351110 CATANDUVA";764
"351130 CEDRAL";1
"351140 CERQUEIRA CESAR";5
"351150 CERQUILHO";9
"351160 CESARIO LANGE";2
"351170 CHARQUEADA";3
"351190 CLEMENTINA";1
"351200 COLINA";2
"351220 CONCHAL";13
"351280 COSMOPOLIS";13
"351300 COTIA";408
"351340 CRUZEIRO";52
"351350 CUBATAO";274
"351360 CUNHA";1
"351370 DESCALVADO";5
"351380 DIADEMA";767
"351390 DIVINOLANDIA";6
"351410 DOIS CORREGOS";83
"351440 DRACENA";73
"351450 DUARTINA";1
"351500 EMBU DAS ARTES";260
"351510 EMBU-GUACU";2
"351515 ENGENHEIRO COELHO";1
"351518 ESPIRITO SANTO DO PINHAL";114
"351519 ESPIRITO SANTO DO TURVO";2
"351520 ESTRELA D'OESTE";1
"351540 FARTURA";20
"351550 FERNANDOPOLIS";181
"351570 FERRAZ DE VASCONCELOS";114
"351600 FLORIDA PAULISTA";2
"351620 FRANCA";627
"351630 FRANCISCO MORATO";151
"351640 FRANCO DA ROCHA";144
"351670 GARCA";89
"351740 GUAIRA";31
"351760 GUAPIARA";5
"351770 GUARA";3
"351820 GUARARAPES";22
"351830 GUARAREMA";11
"351840 GUARATINGUETA";62
"351850 GUAREI";3
"351860 GUARIBA";3
"351870 GUARUJA";510
"351880 GUARULHOS";3174
"351905 HOLAMBRA";1
"351907 HORTOLANDIA";193
"351920 IACRI";2
"351930 IBATE";6
"351940 IBIRA";1
"351950 IBIRAREMA";1
"351960 IBITINGA";25
"351970 IBIUNA";27
"351990 IEPE";1
"352000 IGARACU DO TIETE";3
"352010 IGARAPAVA";23
"352040 ILHABELA";87
"352044 ILHA SOLTEIRA";13
"352050 INDAIATUBA";364
"352060 INDIANA";1
"352070 INDIAPORA";1
"352090 IPAUSSU";2
"352100 IPERO";2
"352130 IPUA";1
"352170 ITABERA";1
"352180 ITAI";5
"352210 ITANHAEM";38
"352220 ITAPECERICA DA SERRA";638
"352230 ITAPETININGA";218
"352240 ITAPEVA";51
"352250 ITAPEVI";396
"352260 ITAPIRA";90
"352270 ITAPOLIS";23
"352280 ITAPORANGA";8
"352310 ITAQUAQUECETUBA";388
"352320 ITARARE";7
"352340 ITATIBA";124
"352360 ITIRAPINA";3
"352370 ITIRAPUA";1
"352390 ITU";185
"352400 ITUPEVA";10
"352410 ITUVERAVA";42
"352430 JABOTICABAL";148
"352440 JACAREI";304
"352470 JAGUARIUNA";58
"352480 JALES";60
"352500 JANDIRA";15
"352510 JARDINOPOLIS";1
"352520 JARINU";4
"352530 JAU";270
"352540 JERIQUARA";1
"352550 JOANOPOLIS";1
"352570 JOSE BONIFACIO";2
"352590 JUNDIAI";1759
"352600 JUNQUEIROPOLIS";1
"352610 JUQUIA";2
"352640 LARANJAL PAULISTA";35
"352650 LAVINIA";2
"352670 LEME";284
"352680 LENCOIS PAULISTA";93
"352690 LIMEIRA";1006
"352710 LINS";98
"352720 LORENA";49
"352725 LOURDES";1
"352730 LOUVEIRA";57
"352740 LUCELIA";7
"352790 LUTECIA";1
"352800 MACATUBA";6
"352840 MAIRINQUE";2
"352850 MAIRIPORA";43
"352880 MARACAI";1
"352900 MARILIA";1063
"352920 MARTINOPOLIS";4
"352930 MATAO";46
"352940 MAUA";765
"352950 MENDONCA";1
"352970 MIGUELOPOLIS";2
"353010 MIRANDOPOLIS";45
"353050 MOCOCA";143
"353060 MOGI DAS CRUZES";1239
"353070 MOGI GUACU";323
"353080 MOGI MIRIM";62
"353100 MONCOES";1
"353110 MONGAGUA";20
"353130 MONTE ALTO";39
"353150 MONTE AZUL PAULISTA";3
"353180 MONTE MOR";22
"353190 MORRO AGUDO";3
"353200 MORUNGABA";3
"353240 NAZARE PAULISTA";3
"353290 NOVA EUROPA";1
"353340 NOVA ODESSA";76
"353350 NOVO HORIZONTE";78
"353360 NUPORANGA";6
"353380 OLEO";1
"353390 OLIMPIA";56
"353430 ORLANDIA";163
"353440 OSASCO";2061
"353460 OSVALDO CRUZ";17
"353470 OURINHOS";206
"353480 OURO VERDE";1
"353530 PALMITAL";8
"353540 PANORAMA";3
"353550 PARAGUACU PAULISTA";8
"353620 PARIQUERA-ACU";221
"353630 PATROCINIO PAULISTA";2
"353640 PAULICEIA";2
"353650 PAULINIA";262
"353670 PEDERNEIRAS";4
"353700 PEDREGULHO";1
"353710 PEDREIRA";3
"353730 PENAPOLIS";144
"353740 PEREIRA BARRETO";16
"353760 PERUIBE";60
"353780 PIEDADE";23
"353790 PILAR DO SUL";6
"353800 PINDAMONHANGABA";88
"353860 PIRACAIA";6
"353870 PIRACICABA";511
"353880 PIRAJU";5
"353910 PIRAPORA DO BOM JESUS";11
"353930 PIRASSUNUNGA";32
"353950 PITANGUEIRAS";58
"353980 POA";42
"354000 POMPEIA";4
"354020 PONTAL";6
"354060 PORTO FELIZ";26
"354070 PORTO FERREIRA";41
"354080 POTIRENDABA";1
"354090 PRADOPOLIS";1
"354100 PRAIA GRANDE";238
"354130 PRESIDENTE EPITACIO";10
"354140 PRESIDENTE PRUDENTE";1467
"354150 PRESIDENTE VENCESLAU";20
"354160 PROMISSAO";8
"354170 QUATA";1
"354220 RANCHARIA";16
"354260 REGISTRO";14
"354280 RIBEIRA";1
"354300 RIBEIRAO BRANCO";5
"354325 RIBEIRAO GRANDE";1
"354330 RIBEIRAO PIRES";975
"354340 RIBEIRAO PRETO";2335
"354370 RINCAO";1
"354390 RIO CLARO";293
"354400 RIO DAS PEDRAS";7
"354410 RIO GRANDE DA SERRA";1
"354425 ROSANA";18
"354440 RUBIACEA";1
"354480 SALES";1
"354490 SALES OLIVEIRA";13
"354520 SALTO";447
"354530 SALTO DE PIRAPORA";9
"354540 SALTO GRANDE";2
"354580 SANTA BARBARA D'OESTE";178
"354600 SANTA BRANCA";1
"354630 SANTA CRUZ DAS PALMEIRAS";13
"354640 SANTA CRUZ DO RIO PARDO";23
"354650 SANTA ERNESTINA";1
"354660 SANTA FE DO SUL";16
"354670 SANTA GERTRUDES";4
"354680 SANTA ISABEL";27
"354690 SANTA LUCIA";2
"354700 SANTA MARIA DA SERRA";1
"354710 SANTA MERCEDES";2
"354730 SANTANA DE PARNAIBA";176
"354750 SANTA RITA DO PASSA QUATRO";13
"354770 SANTO ANASTACIO";3
"354780 SANTO ANDRE";3707
"354790 SANTO ANTONIO DA ALEGRIA";1
"354850 SANTOS";1466
"354860 SAO BENTO DO SAPUCAI";10
"354870 SAO BERNARDO DO CAMPO";5128
"354880 SAO CAETANO DO SUL";1396
"354890 SAO CARLOS";701
"354910 SAO JOAO DA BOA VISTA";144
"354940 SAO JOAQUIM DA BARRA";111
"354950 SAO JOSE DA BELA VISTA";1
"354970 SAO JOSE DO RIO PARDO";30
"354980 SAO JOSE DO RIO PRETO";4371
"354990 SAO JOSE DOS CAMPOS";1577
"355010 SAO MANUEL";7
"355020 SAO MIGUEL ARCANJO";3
"355030 SAO PAULO";49427
"355040 SAO PEDRO";10
"355060 SAO ROQUE";47
"355070 SAO SEBASTIAO";69
"355080 SAO SEBASTIAO DA GRAMA";4
"355100 SAO VICENTE";328
"355150 SERRANA";2
"355160 SERRA NEGRA";4
"355170 SERTAOZINHO";250
"355180 SETE BARRAS";1
"355190 SEVERINIA";1
"355210 SOCORRO";6
"355220 SOROCABA";3579
"355240 SUMARE";335
"355250 SUZANO";209
"355260 TABAPUA";1
"355270 TABATINGA";1
"355280 TABOAO DA SERRA";281
"355290 TACIBA";1
"355330 TAMBAU";6
"355360 TAPIRATIBA";2
"355370 TAQUARITINGA";21
"355380 TAQUARITUBA";2
"355400 TATUI";267
"355410 TAUBATE";452
"355430 TEODORO SAMPAIO";6
"355450 TIETE";11
"355480 TREMEMBE";4
"355500 TUPA";83
"355510 TUPI PAULISTA";21
"355540 UBATUBA";78
"355560 UCHOA";1
"355600 URUPES";1
"355610 VALENTIM GENTIL";1
"355620 VALINHOS";168
"355630 VALPARAISO";10
"355640 VARGEM GRANDE DO SUL";26
"355645 VARGEM GRANDE PAULISTA";3
"355650 VARZEA PAULISTA";13
"355670 VINHEDO";99
"355680 VIRADOURO";2
"355700 VOTORANTIM";59
"355710 VOTUPORANGA";217
"355720 CHAVANTES";5
"355730 ESTIVA GERBI";1
"410030 AGUDOS DO SUL";1
"410050 ALTONIA";1
"410060 ALTO PARANA";6
"410080 ALVORADA DO SUL";3
"410090 AMAPORA";1
"410100 AMPERE";4
"410110 ANDIRA";4
"410140 APUCARANA";232
"410150 ARAPONGAS";108
"410160 ARAPOTI";5
"410180 ARAUCARIA";137
"410190 ASSAI";9
"410200 ASSIS CHATEAUBRIAND";18
"410210 ASTORGA";6
"410240 BANDEIRANTES";10
"410250 BARBOSA FERRAZ";1
"410260 BARRACAO";3
"410275 BELA VISTA DA CAROBA";1
"410290 BITURUNA";3
"410304 BOA VENTURA DE SAO ROQUE";1
"410305 BOA VISTA DA APARECIDA";2
"410330 BORRAZOPOLIS";4
"410345 CAFELANDIA";5
"410347 CAFEZAL DO SUL";1
"410360 CAMBARA";2
"410370 CAMBE";96
"410390 CAMPINA DA LAGOA";2
"410400 CAMPINA GRANDE DO SUL";516
"410420 CAMPO LARGO";295
"410430 CAMPO MOURAO";123
"410450 CAPANEMA";7
"410460 CAPITAO LEONIDAS MARQUES";12
"410470 CARLOPOLIS";10
"410480 CASCAVEL";1256
"410490 CASTRO";37
"410520 CERRO AZUL";1
"410530 CEU AZUL";1
"410540 CHOPINZINHO";49
"410550 CIANORTE";187
"410560 CIDADE GAUCHA";10
"410570 CLEVELANDIA";2
"410580 COLOMBO";4
"410590 COLORADO";41
"410620 CONTENDA";5
"410630 CORBELIA";16
"410640 CORNELIO PROCOPIO";277
"410650 CORONEL VIVIDA";17
"410670 CRUZEIRO DO SUL";1
"410680 CRUZ MACHADO";2
"410690 CURITIBA";10534
"410710 DIAMANTE DO NORTE";2
"410720 DOIS VIZINHOS";7
"410753 ENTRE RIOS DO OESTE";3
"410754 ESPIGAO ALTO DO IGUACU";1
"410760 FAXINAL";4
"410765 FAZENDA RIO GRANDE";12
"410785 FLOR DA SERRA DO SUL";2
"410790 FLORESTA";2
"410830 FOZ DO IGUACU";1210
"410840 FRANCISCO BELTRAO";333
"410860 GOIOERE";4
"410880 GUAIRA";11
"410890 GUAIRACA";2
"410930 GUARANIACU";20
"410940 GUARAPUAVA";280
"410960 GUARATUBA";1
"410970 IBAITI";25
"410980 IBIPORA";81
"411005 IGUATU";1
"411007 IMBAU";1
"411010 IMBITUVA";28
"411030 INAJA";1
"411050 IPIRANGA";8
"411060 IPORA";2
"411070 IRATI";56
"411090 ITAGUAJE";1
"411095 ITAIPULANDIA";8
"411120 ITAPEJARA D'OESTE";1
"411130 ITAUNA DO SUL";1
"411140 IVAI";1
"411150 IVAIPORA";295
"411155 IVATE";1
"411180 JACAREZINHO";34
"411190 JAGUAPITA";2
"411200 JAGUARIAIVA";18
"411210 JANDAIA DO SUL";18
"411240 JAPURA";1
"411270 JATAIZINHO";3
"411275 JESUITAS";2
"411280 JOAQUIM TAVORA";2
"411310 KALORE";7
"411320 LAPA";3
"411325 LARANJAL";2
"411330 LARANJEIRAS DO SUL";39
"411340 LEOPOLIS";1
"411350 LOANDA";72
"411360 LOBATO";1
"411370 LONDRINA";3407
"411390 MALLET";2
"411400 MAMBORE";7
"411420 MANDAGUARI";9
"411430 MANDIRITUBA";2
"411440 MANGUEIRINHA";19
"411460 MARECHAL CANDIDO RONDON";155
"411480 MARIALVA";18
"411490 MARILANDIA DO SUL";1
"411500 MARILENA";5
"411520 MARINGA";2208
"411540 MARMELEIRO";4
"411560 MATELANDIA";17
"411570 MATINHOS";2
"411575 MAUA DA SERRA";3
"411580 MEDIANEIRA";44
"411590 MIRADOR";1
"411605 MISSAL";8
"411640 NOSSA SENHORA DAS GRACAS";2
"411650 NOVA ALIANCA DO IVAI";2
"411670 NOVA AURORA";6
"411690 NOVA ESPERANCA";4
"411705 NOVA LARANJEIRAS";1
"411710 NOVA LONDRINA";6
"411725 NOVA PRATA DO IGUACU";1
"411729 NOVO ITACOLOMI";1
"411730 ORTIGUEIRA";1
"411745 OURO VERDE DO OESTE";1
"411750 PAICANDU";6
"411760 PALMAS";77
"411770 PALMEIRA";7
"411790 PALOTINA";30
"411800 PARAISO DO NORTE";84
"411810 PARANACITY";2
"411820 PARANAGUA";362
"411830 PARANAPOEMA";1
"411840 PARANAVAI";133
"411850 PATO BRANCO";247
"411900 PEROLA D'OESTE";2
"411915 PINHAIS";25
"411920 PINHALAO";11
"411930 PINHAO";2
"411940 PIRAI DO SUL";2
"411950 PIRAQUARA";2
"411960 PITANGA";14
"411970 PLANALTINA DO PARANA";1
"411980 PLANALTO";1
"411990 PONTA GROSSA";1059
"412000 PORECATU";1
"412010 PORTO AMAZONAS";1
"412020 PORTO RICO";1
"412035 PRANCHITA";6
"412050 PRIMEIRO DE MAIO";2
"412060 PRUDENTOPOLIS";23
"412065 QUARTO CENTENARIO";1
"412070 QUATIGUA";3
"412080 QUATRO BARRAS";1
"412090 QUEDAS DO IGUACU";16
"412100 QUERENCIA DO NORTE";3
"412140 REALEZA";3
"412150 REBOUCAS";4
"412170 RESERVA";1
"412180 RIBEIRAO CLARO";6
"412190 RIBEIRAO DO PINHAL";2
"412200 RIO AZUL";6
"412215 RIO BONITO DO IGUACU";1
"412220 RIO BRANCO DO SUL";1
"412230 RIO NEGRO";8
"412240 ROLANDIA";35
"412250 RONCADOR";1
"412260 RONDON";7
"412270 SABAUDIA";7
"412290 SALTO DO ITARARE";2
"412330 SANTA CRUZ DE MONTE CASTELO";16
"412350 SANTA HELENA";6
"412360 SANTA INES";1
"412370 SANTA ISABEL DO IVAI";4
"412380 SANTA IZABEL DO OESTE";9
"412390 SANTA MARIANA";4
"412405 SANTA TEREZINHA DE ITAIPU";11
"412410 SANTO ANTONIO DA PLATINA";89
"412440 SANTO ANTONIO DO SUDOESTE";9
"412460 SAO CARLOS DO IVAI";3
"412480 SAO JOAO";1
"412490 SAO JOAO DO CAIUA";1
"412510 SAO JOAO DO TRIUNFO";7
"412520 SAO JORGE D'OESTE";2
"412535 SAO JORGE DO PATROCINIO";1
"412540 SAO JOSE DA BOA VISTA";2
"412550 SAO JOSE DOS PINHAIS";274
"412560 SAO MATEUS DO SUL";10
"412570 SAO MIGUEL DO IGUACU";5
"412580 SAO PEDRO DO IVAI";1
"412600 SAO SEBASTIAO DA AMOREIRA";2
"412620 SAPOPEMA";2
"412625 SARANDI";249
"412630 SENGES";8
"412650 SERTANOPOLIS";3
"412660 SIQUEIRA CAMPOS";9
"412667 TAMARANA";3
"412670 TAMBOARA";2
"412680 TAPEJARA";2
"412700 TEIXEIRA SOARES";1
"412710 TELEMACO BORBA";46
"412720 TERRA BOA";16
"412730 TERRA RICA";5
"412740 TERRA ROXA";5
"412750 TIBAGI";3
"412760 TIJUCAS DO SUL";6
"412770 TOLEDO";758
"412780 TOMAZINA";6
"412795 TUPASSI";1
"412796 TURVO";1
"412800 UBIRATA";73
"412810 UMUARAMA";280
"412820 UNIAO DA VITORIA";51
"412840 URAI";1
"412850 WENCESLAU BRAZ";1
"412853 VENTANIA";1
"412855 VERA CRUZ DO OESTE";3
"412860 VERE";1
"420010 ABELARDO LUZ";9
"420050 AGUAS DE CHAPECO";1
"420100 ANITA GARIBALDI";1
"420125 APIUNA";1
"420140 ARARANGUA";198
"420200 BALNEARIO CAMBORIU";657
"420220 BENEDITO NOVO";3
"420240 BLUMENAU";1540
"420260 BOM RETIRO";1
"420280 BRACO DO NORTE";14
"420290 BRUSQUE";66
"420300 CACADOR";52
"420310 CAIBI";3
"420330 CAMPO ALEGRE";2
"420350 CAMPO ERE";1
"420360 CAMPOS NOVOS";3
"420380 CANOINHAS";15
"420390 CAPINZAL";10
"420420 CHAPECO";473
"420430 CONCORDIA";135
"420440 CORONEL FREITAS";2
"420455 CORREIA PINTO";1
"420460 CRICIUMA";1704
"420470 CUNHA PORA";1
"420480 CURITIBANOS";14
"420500 DIONISIO CERQUEIRA";2
"420510 DONA EMMA";1
"420530 FAXINAL DOS GUEDES";5
"420540 FLORIANOPOLIS";1780
"420550 FRAIBURGO";108
"420570 GAROPABA";2
"420590 GASPAR";30
"420630 GUABIRUBA";1
"420650 GUARAMIRIM";45
"420665 GUATAMBU";1
"420690 IBIRAMA";122
"420700 ICARA";13
"420730 IMBITUBA";25
"420740 IMBUIA";1
"420750 INDAIAL";28
"420785 IRATI";1
"420790 IRINEOPOLIS";1
"420810 ITAIOPOLIS";1
"420820 ITAJAI";1177
"420830 ITAPEMA";3
"420840 ITAPIRANGA";11
"420850 ITUPORANGA";56
"420870 JACINTO MACHADO";6
"420890 JARAGUA DO SUL";446
"420900 JOACABA";151
"420910 JOINVILLE";2706
"420930 LAGES";224
"420940 LAGUNA";13
"420960 LAURO MULLER";2
"420990 LONTRAS";2
"421010 MAFRA";61
"421050 MARAVILHA";8
"421080 MELEIRO";2
"421105 MONTE CARLO";2
"421110 MONTE CASTELO";1
"421130 NAVEGANTES";5
"421140 NOVA ERECHIM";1
"421165 NOVO HORIZONTE";1
"421170 ORLEANS";41
"421175 OTACILIO COSTA";6
"421180 OURO";3
"421190 PALHOCA";3
"421200 PALMA SOLA";3
"421210 PALMITOS";2
"421220 PAPANDUVA";1
"421225 PASSO DE TORRES";3
"421227 PASSOS MAIA";3
"421260 PERITIBA";1
"421270 PETROLANDIA";1
"421280 BALNEARIO PICARRAS";1
"421290 PINHALZINHO";10
"421310 PIRATUBA";1
"421320 POMERODE";10
"421340 PONTE SERRADA";3
"421350 PORTO BELO";1
"421360 PORTO UNIAO";55
"421370 POUSO REDONDO";1
"421400 PRESIDENTE GETULIO";7
"421410 PRESIDENTE NEREU";2
"421420 QUILOMBO";1
"421430 RANCHO QUEIMADO";1
"421480 RIO DO SUL";209
"421500 RIO NEGRINHO";7
"421530 SALETE";1
"421540 SALTO VELOSO";3
"421550 SANTA CECILIA";1
"421570 SANTO AMARO DA IMPERATRIZ";1
"421575 SAO BERNARDINO";1
"421580 SAO BENTO DO SUL";96
"421600 SAO CARLOS";1
"421620 SAO FRANCISCO DO SUL";5
"421625 SAO JOAO DO OESTE";2
"421650 SAO JOAQUIM";6
"421660 SAO JOSE";463
"421670 SAO JOSE DO CEDRO";3
"421690 SAO LOURENCO DO OESTE";7
"421720 SAO MIGUEL DO OESTE";66
"421730 SAUDADES";1
"421750 SEARA";2
"421770 SOMBRIO";1
"421780 TAIO";7
"421800 TIJUCAS";2
"421820 TIMBO";46
"421830 TRES BARRAS";6
"421860 TROMBUDO CENTRAL";5
"421870 TUBARAO";376
"421880 TURVO";5
"421910 VARGEAO";2
"421930 VIDEIRA";86
"421950 XANXERE";32
"421970 XAXIM";5
"430010 AGUDO";2
"430040 ALEGRETE";24
"430050 ALPESTRE";2
"430060 ALVORADA";54
"430064 AMETISTA DO SUL";2
"430070 ANTA GORDA";1
"430080 ANTONIO PRADO";11
"430085 ARAMBARE";1
"430100 ARROIO DO MEIO";2
"430110 ARROIO DOS RATOS";3
"430120 ARROIO DO TIGRE";5
"430130 ARROIO GRANDE";1
"430140 ARVOREZINHA";2
"430160 BAGE";56
"430175 BARAO DO TRIUNFO";1
"430180 BARRACAO";1
"430190 BARRA DO RIBEIRO";1
"430200 BARROS CASSAL";1
"430210 BENTO GONCALVES";221
"430220 BOA VISTA DO BURICA";2
"430235 BOM PRINCIPIO";1
"430240 BOM RETIRO DO SUL";4
"430280 CACAPAVA DO SUL";6
"430300 CACHOEIRA DO SUL";77
"430310 CACHOEIRINHA";151
"430350 CAMAQUA";24
"430360 CAMBARA DO SUL";2
"430370 CAMPINA DAS MISSOES";5
"430390 CAMPO BOM";41
"430420 CANDELARIA";9
"430440 CANELA";14
"430450 CANGUCU";6
"430460 CANOAS";618
"430463 CAPAO DA CANOA";11
"430470 CARAZINHO";25
"430480 CARLOS BARBOSA";22
"430490 CASCA";1
"430510 CAXIAS DO SUL";1815
"430517 CERRO GRANDE DO SUL";1
"430520 CERRO LARGO";1
"430530 CHAPADA";1
"430535 CHARQUEADAS";6
"430537 CHARRUA";2
"430600 CRISSIUMAL";1
"430605 CRISTAL";1
"430610 CRUZ ALTA";55
"430620 CRUZEIRO DO SUL";1
"430630 DAVID CANABARRO";1
"430635 DEZESSEIS DE NOVEMBRO";1
"430640 DOIS IRMAOS";4
"430650 DOM FELICIANO";2
"430660 DOM PEDRITO";2
"430675 DOUTOR RICARDO";1
"430676 ELDORADO DO SUL";1
"430680 ENCANTADO";13
"430700 ERECHIM";130
"430730 ERVAL SECO";1
"430750 ESPUMOSO";3
"430755 ESTACAO";1
"430760 ESTANCIA VELHA";15
"430770 ESTEIO";49
"430780 ESTRELA";52
"430790 FARROUPILHA";77
"430810 FELIZ";2
"430820 FLORES DA CUNHA";2
"430830 FONTOURA XAVIER";1
"430850 FREDERICO WESTPHALEN";72
"430860 GARIBALDI";26
"430890 GETULIO VARGAS";3
"430900 GIRUA";2
"430905 GLORINHA";3
"430910 GRAMADO";34
"430920 GRAVATAI";228
"430930 GUAIBA";4
"430940 GUAPORE";27
"430960 HORIZONTINA";5
"431000 IBIRUBA";37
"431010 IGREJINHA";9
"431020 IJUI";138
"431030 ILOPOLIS";2
"431043 IPE";2
"431050 IRAI";5
"431060 ITAQUI";5
"431065 ITATI";1
"431080 IVOTI";12
"431100 JAGUARAO";3
"431110 JAGUARI";20
"431120 JULIO DE CASTILHOS";1
"431130 LAGOA VERMELHA";4
"431140 LAJEADO";137
"431162 LINDOLFO COLLOR";2
"431164 LINHA NOVA";1
"431180 MARAU";4
"431210 MATA";1
"431215 MATO LEITAO";1
"431225 MINAS DO LEAO";1
"431240 MONTENEGRO";83
"431247 MORRO REUTER";1
"431265 NAO-ME-TOQUE";3
"431270 NONOAI";12
"431290 NOVA BASSANO";1
"431310 NOVA PALMA";3
"431320 NOVA PETROPOLIS";1
"431330 NOVA PRATA";7
"431340 NOVO HAMBURGO";1283
"431349 NOVO BARREIRO";1
"431350 OSORIO";22
"431370 PALMEIRA DAS MISSOES";12
"431390 PANAMBI";3
"431403 PARECI NOVO";1
"431405 PAROBE";13
"431406 PASSA SETE";2
"431410 PASSO FUNDO";3230
"431440 PELOTAS";445
"431450 PINHEIRO MACHADO";1
"431475 POCO DAS ANTAS";1
"431480 PORTAO";3
"431490 PORTO ALEGRE";8526
"431507 PORTO VERA CRUZ";2
"431510 PORTO XAVIER";3
"431515 PROGRESSO";2
"431530 QUARAI";4
"431535 QUINZE DE NOVEMBRO";2
"431540 REDENTORA";1
"431560 RIO GRANDE";71
"431570 RIO PARDO";7
"431580 ROCA SALES";1
"431600 ROLANTE";4
"431610 RONDA ALTA";1
"431640 ROSARIO DO SUL";5
"431645 SALTO DO JACUI";1
"431660 SANANDUVA";3
"431670 SANTA BARBARA DO SUL";2
"431675 SANTA CLARA DO SUL";1
"431680 SANTA CRUZ DO SUL";357
"431690 SANTA MARIA";858
"431710 SANT'ANA DO LIVRAMENTO";34
"431720 SANTA ROSA";112
"431730 SANTA VITORIA DO PALMAR";9
"431740 SANTIAGO";104
"431750 SANTO ANGELO";49
"431760 SANTO ANTONIO DA PATRULHA";7
"431780 SANTO AUGUSTO";8
"431790 SANTO CRISTO";48
"431800 SAO BORJA";22
"431820 SAO FRANCISCO DE PAULA";1
"431830 SAO GABRIEL";16
"431840 SAO JERONIMO";7
"431843 SAO JOAO DO POLESINE";1
"431860 SAO JOSE DO OURO";1
"431870 SAO LEOPOLDO";180
"431880 SAO LOURENCO DO SUL";22
"431890 SAO LUIZ GONZAGA";20
"431900 SAO MARCOS";19
"431950 SAO SEBASTIAO DO CAI";2
"431990 SAPIRANGA";22
"432000 SAPUCAIA DO SUL";120
"432010 SARANDI";5
"432020 SEBERI";4
"432026 SEGREDO";1
"432030 SELBACH";7
"432040 SERAFINA CORREA";11
"432050 SERTAO";1
"432055 SERTAO SANTANA";3
"432070 SOBRADINHO";3
"432080 SOLEDADE";240
"432085 TABAI";1
"432090 TAPEJARA";10
"432100 TAPERA";16
"432110 TAPES";1
"432120 TAQUARA";7
"432130 TAQUARI";10
"432140 TENENTE PORTELA";18
"432145 TEUTONIA";22
"432146 TIO HUGO";1
"432150 TORRES";32
"432160 TRAMANDAI";38
"432170 TRES COROAS";9
"432180 TRES DE MAIO";32
"432190 TRES PASSOS";18
"432200 TRIUNFO";13
"432210 TUCUNDUVA";1
"432220 TUPANCIRETA";9
"432225 TUPANDI";1
"432230 TUPARENDI";1
"432235 UNIAO DA SERRA";1
"432240 URUGUAIANA";126
"432250 VACARIA";42
"432260 VENANCIO AIRES";25
"432270 VERA CRUZ";3
"432280 VERANOPOLIS";24
"432300 VIAMAO";81
"432320 VICTOR GRAEFF";1
"432370 VISTA GAUCHA";1
"432380 XANGRI-LA";3
"500025 ALCINOPOLIS";1
"500060 AMAMBAI";12
"500085 ANGELICA";1
"500100 APARECIDA DO TABOADO";2
"500110 AQUIDAUANA";13
"500150 BANDEIRANTES";1
"500190 BATAGUASSU";1
"500210 BELA VISTA";4
"500215 BODOQUENA";1
"500220 BONITO";4
"500230 BRASILANDIA";3
"500240 CAARAPO";14
"500260 CAMAPUA";2
"500270 CAMPO GRANDE";1987
"500290 CASSILANDIA";4
"500295 CHAPADAO DO SUL";6
"500320 CORUMBA";21
"500325 COSTA RICA";7
"500330 COXIM";4
"500370 DOURADOS";478
"500375 ELDORADO";5
"500430 IGUATEMI";7
"500450 ITAPORA";3
"500460 ITAQUIRAI";2
"500470 IVINHEMA";19
"500480 JAPORA";1
"500515 JUTI";1
"500540 MARACAJU";5
"500560 MIRANDA";2
"500570 NAVIRAI";27
"500580 NIOAQUE";2
"500600 NOVA ALVORADA DO SUL";2
"500620 NOVA ANDRADINA";2
"500630 PARANAIBA";12
"500635 PARANHOS";5
"500660 PONTA PORA";14
"500710 RIBAS DO RIO PARDO";1
"500720 RIO BRILHANTE";9
"500740 RIO VERDE DE MATO GROSSO";6
"500769 SAO GABRIEL DO OESTE";5
"500790 SIDROLANDIA";1
"500793 SONORA";3
"500800 TERENOS";2
"500830 TRES LAGOAS";65
"500840 VICENTINA";2
"510020 AGUA BOA";12
"510025 ALTA FLORESTA";50
"510030 ALTO ARAGUAIA";3
"510050 ALTO PARAGUAI";1
"510080 APIACAS";1
"510100 ARAGUAIANA";1
"510125 ARAPUTANGA";2
"510140 ARIPUANA";1
"510170 BARRA DO BUGRES";17
"510180 BARRA DO GARCAS";91
"510190 BRASNORTE";1
"510250 CACERES";339
"510260 CAMPINAPOLIS";1
"510263 CAMPO NOVO DO PARECIS";8
"510267 CAMPO VERDE";19
"510268 CAMPOS DE JULIO";2
"510270 CANARANA";7
"510279 CARLINDA";2
"510300 CHAPADA DOS GUIMARAES";1
"510305 CLAUDIA";1
"510320 COLIDER";6
"510330 COMODORO";1
"510335 CONFRESA";1
"510336 CONQUISTA D'OESTE";2
"510337 COTRIGUACU";1
"510340 CUIABA";1156
"510350 DIAMANTINO";4
"510370 FELIZ NATAL";1
"510410 GUARANTA DO NORTE";29
"510420 GUIRATINGA";2
"510455 ITAUBA";1
"510460 ITIQUIRA";2
"510480 JACIARA";21
"510510 JUARA";12
"510515 JUINA";22
"510520 JUSCIMEIRA";1
"510525 LUCAS DO RIO VERDE";12
"510550 VILA BELA DA SANTISSIMA TRINDADE";1
"510558 MARCELANDIA";3
"510560 MATUPA";1
"510562 MIRASSOL D'OESTE";2
"510590 NOBRES";3
"510622 NOVA MUTUM";19
"510624 NOVA UBIRATA";1
"510625 NOVA XAVANTINA";7
"510629 PARANAITA";7
"510630 PARANATINGA";1
"510637 PEDRA PRETA";2
"510642 PEIXOTO DE AZEVEDO";4
"510650 POCONE";1
"510670 PONTE BRANCA";1
"510675 PONTES E LACERDA";23
"510677 PORTO ALEGRE DO NORTE";1
"510682 PORTO ESPERIDIAO";1
"510700 POXOREO";8
"510704 PRIMAVERA DO LESTE";28
"510706 QUERENCIA";1
"510710 SAO JOSE DOS QUATRO MARCOS";2
"510718 RIBEIRAO CASCALHEIRA";1
"510730 SAO JOSE DO RIO CLARO";3
"510740 SAO PEDRO DA CIPA";1
"510760 RONDONOPOLIS";493
"510770 ROSARIO OESTE";1
"510777 SANTA TEREZINHA";1
"510780 SANTO ANTONIO DO LEVERGER";3
"510787 SAPEZAL";16
"510790 SINOP";315
"510792 SORRISO";159
"510795 TANGARA DA SERRA";29
"510800 TAPURAH";1
"510805 TERRA NOVA DO NORTE";2
"510840 VARZEA GRANDE";209
"510860 VILA RICA";1
"510895 NOVA MONTE VERDE";4
"520005 ABADIA DE GOIAS";3
"520013 ACREUNA";2
"520020 AGUA LIMPA";1
"520025 AGUAS LINDAS DE GOIAS";8
"520030 ALEXANIA";1
"520060 ALTO PARAISO DE GOIAS";1
"520085 AMERICANO DO BRASIL";1
"520110 ANAPOLIS";252
"520130 ANICUNS";2
"520140 APARECIDA DE GOIANIA";78
"520170 ARAGARCAS";1
"520320 BARRO ALTO";1
"520330 BELA VISTA DE GOIAS";1
"520350 BOM JESUS DE GOIAS";1
"520400 CABECEIRAS";1
"520420 CACHOEIRA DE GOIAS";1
"520430 CACU";5
"520450 CALDAS NOVAS";18
"520455 CALDAZINHA";2
"520470 CAMPINORTE";2
"520480 CAMPO ALEGRE DE GOIAS";1
"520490 CAMPOS BELOS";6
"520510 CATALAO";71
"520540 CERES";41
"520551 COCALZINHO DE GOIAS";2
"520552 COLINAS DO SUL";1
"520620 CRISTALINA";11
"520725 DOVERLANDIA";1
"520735 EDEALINA";1
"520740 EDEIA";1
"520750 ESTRELA DO NORTE";1
"520790 FLORES DE GOIAS";1
"520800 FORMOSA";11
"520860 GOIANESIA";7
"520870 GOIANIA";4042
"520880 GOIANIRA";1
"520910 GOIATUBA";5
"520960 HEITORAI";1
"520980 HIDROLINA";1
"520990 IACIARA";1
"520993 INACIOLANDIA";2
"521000 INHUMAS";2
"521010 IPAMERI";1
"521020 IPORA";6
"521040 ITABERAI";4
"521080 ITAJA";2
"521090 ITAPACI";1
"521100 ITAPIRAPUA";1
"521150 ITUMBIARA";34
"521190 JATAI";50
"521205 JESUPOLIS";1
"521210 JOVIANIA";2
"521220 JUSSARA";4
"521225 LAGOA SANTA";1
"521250 LUZIANIA";14
"521260 MAIRIPOTABA";1
"521308 MINACU";6
"521310 MINEIROS";27
"521370 MONTES CLAROS DE GOIAS";1
"521375 MONTIVIDIU";1
"521377 MONTIVIDIU DO NORTE";1
"521380 MORRINHOS";1
"521460 NIQUELANDIA";1
"521500 NOVA VENEZA";1
"521523 NOVO GAMA";3
"521525 NOVO PLANALTO";1
"521630 PARANAIGUARA";3
"521640 PARAUNA";1
"521680 PETROLINA DE GOIAS";1
"521730 PIRENOPOLIS";3
"521740 PIRES DO RIO";1
"521760 PLANALTINA";7
"521800 PORANGATU";4
"521830 POSSE";1
"521850 QUIRINOPOLIS";5
"521860 RIALMA";2
"521870 RIANAPOLIS";3
"521880 RIO VERDE";177
"521890 RUBIATABA";1
"521900 SANCLERLANDIA";1
"521930 SANTA HELENA DE GOIAS";35
"521940 SANTA RITA DO ARAGUAIA";2
"521950 SANTA ROSA DE GOIAS";1
"521970 SANTA TEREZINHA DE GOIAS";2
"521971 SANTO ANTONIO DA BARRA";1
"521975 SANTO ANTONIO DO DESCOBERTO";1
"521980 SAO DOMINGOS";1
"522010 SAO LUIS DE MONTES BELOS";1
"522020 SAO MIGUEL DO ARAGUAIA";5
"522028 SAO PATRICIO";1
"522040 SAO SIMAO";3
"522045 SENADOR CANEDO";2
"522119 TEREZOPOLIS DE GOIAS";1
"522140 TRINDADE";1
"522160 URUACU";7
"522170 URUANA";1
"522185 VALPARAISO DE GOIAS";4
"522190 VARJAO";2
"530010 BRASILIA";2862
"Total";302890
 Fonte: Ministério da Saúde/SVSA - Sistema de Informação de Agravos de Notificação - Sinan Net
 Notas:
 
  Períodos Disponíveis ou período - Correspondem aos anos de notificação dos casos.
  Para tabular dados epidemiológicos de um determinado ano selecione na linha a variável de interesse, na Coluna Ano dos 1ºs sintomas;
   em Períodos Disponíveis assinale o ano inicial da série e todos os posteriores até o ano atual (p/ incluir casos notificados com atraso)
   e em Seleções
  Disponíveis assinale os anos dos 1ºs sintomas (ex: nº de casos com início de sintomas 2007: selecione na linha UF de residência,
   na Coluna Ano de 1ºs sintomas, em Períodos disponíveis 2007 até o ano atual e em Seleções assinale Ano de 1ºs sintomas 2007).
  Para cálculo da incidência utilize locais de residência.
  Dados de 2007 e 2008 atualizados em 02/07/2012.
  Dados de 2009 atualizados em 06/09/2020.
  Dados de 2010 atualizados em 04/11/2013.
  Dados de 2011 atualizados em 29/08/2014.
  Dados de 2012 atualizados em 01/06/2015.
  Dados de 2013 atualizados em 18/12/2017.
  Dados de 2014 atualizados em 17/12/2018.
  Dados de 2015 atualizados em 26/11/2018.
  Dados de 2016 atualizados em 16/09/2019.
  Dados de 2017 atualizados em 24/04/2020.
  Dados de 2018 atualizados em 22/08/2022.
  Dados de 2019 atualizados em 16/06/2023, dados sujeitos à revisão.
  Dados de 2020 atualizados em 25/01/2024, dados sujeitos à revisão.
  Dados de 2021 atualizados em 04/01/2024, dados sujeitos à revisão.
  Dados de 2022 atualizados em 04/03/2024, dados sujeitos à revisão.
  Dados de 2023 atualizados em 17/04/2024, dados sujeitos à revisão.
  Dados a partir de 2020 do Espírito Santo não estão disponíveis neste sistema, pois são oriundos do Sistema de Informação e-SUS VS,
    em uso pelo estado desde janeiro de 2020.
  *Dados disponibilizados no TABNET em maio de 2024.
 
