 Investigação de Dermatoses ocupacionais - Notificações registradas no Sinan Net - Brasil
Notificações por Município de notificação
Período:2006-2023
"Município de notificação";"Notificações"
"110004 CACOAL";7
"110012 JI-PARANA";2
"110018 PIMENTA BUENO";3
"110020 PORTO VELHO";13
"110030 VILHENA";3
"110037 ALTO ALEGRE DOS PARECIS";1
"110080 CANDEIAS DO JAMARI";1
"110094 CUJUBIM";8
"110140 MONTE NEGRO";4
"110147 PRIMAVERA DE RONDONIA";5
"110148 SAO FELIPE D'OESTE";2
"120025 EPITACIOLANDIA";1
"120033 MANCIO LIMA";3
"120040 RIO BRANCO";7
"130014 APUI";1
"130030 AUTAZES";2
"130040 BARCELOS";3
"130060 BENJAMIN CONSTANT";1
"130110 CAREIRO";3
"130185 IRANDUBA";15
"130190 ITACOATIARA";1
"130200 ITAPIRANGA";1
"130260 MANAUS";10
"130310 NOVA OLINDA DO NORTE";1
"130330 NOVO ARIPUANA";1
"130420 TEFE";13
"130430 URUCARA";1
"140010 BOA VISTA";19
"140047 RORAINOPOLIS";1
"150060 ALTAMIRA";2
"150080 ANANINDEUA";1
"150085 ANAPU";3
"150140 BELEM";8
"150178 BREU BRANCO";1
"150215 CANAA DOS CARAJAS";4
"150270 CONCEICAO DO ARAGUAIA";11
"150304 FLORESTA DO ARAGUAIA";1
"150442 MARITUBA";2
"150543 OURILANDIA DO NORTE";1
"150610 PRIMAVERA";1
"150613 REDENCAO";5
"150680 SANTAREM";2
"150780 SENADOR JOSE PORFIRIO";1
"150810 TUCURUI";22
"150840 XINGUARA";1
"160030 MACAPA";30
"170130 ARAGOMINAS";2
"170210 ARAGUAINA";407
"170215 ARAGUANA";3
"170255 AUGUSTINOPOLIS";3
"170300 BABACULANDIA";2
"170330 BOM JESUS DO TOCANTINS";1
"170382 CACHOEIRINHA";7
"170388 CARMOLANDIA";3
"170550 COLINAS DO TOCANTINS";1
"170650 DARCINOPOLIS";3
"170700 DIANOPOLIS";1
"170710 DIVINOPOLIS DO TOCANTINS";1
"170930 GUARAI";4
"170950 GURUPI";3
"171090 ITAPIRATINS";1
"171320 MIRACEMA DO TOCANTINS";2
"171380 PALMEIRAS DO TOCANTINS";1
"171420 NATIVIDADE";1
"171430 NAZARE";1
"171488 NOVA OLINDA";2
"171510 NOVO ACORDO";1
"171575 PALMEIROPOLIS";1
"171650 PEDRO AFONSO";1
"171665 PEQUIZEIRO";1
"171720 PIRAQUE";7
"171780 PONTE ALTA DO BOM JESUS";1
"171855 RIACHINHO";1
"172080 SITIO NOVO DO TOCANTINS";10
"172100 PALMAS";25
"172120 TOCANTINOPOLIS";3
"172208 WANDERLANDIA";1
"172210 XAMBIOA";2
"210010 AFONSO CUNHA";1
"210060 AMARANTE DO MARANHAO";1
"210300 CAXIAS";5
"210405 ESTREITO";2
"210455 GOVERNADOR EDISON LOBAO";3
"210530 IMPERATRIZ";10
"210640 MATA ROMA";1
"210720 NINA RODRIGUES";1
"210860 PINHEIRO";1
"211105 SAO JOAO DO PARAISO";1
"211120 SAO JOSE DE RIBAMAR";5
"211130 SAO LUIS";6
"211220 TIMON";1
"220390 FLORIANO";1
"220550 JOSE DE FREITAS";1
"220556 LAGOA DO BARRO DO PIAUI";1
"220840 PIRIPIRI";2
"221040 SAO MIGUEL DO TAPUIO";4
"221100 TERESINA";1
"230100 AQUIRAZ";2
"230110 ARACATI";22
"230240 BOA VIAGEM";3
"230310 CARIRE";6
"230340 CARNAUBAL";10
"230350 CASCAVEL";14
"230410 CRATEUS";3
"230425 CRUZ";1
"230427 ERERE";1
"230440 FORTALEZA";35
"230500 GUARACIABA DO NORTE";3
"230523 HORIZONTE";29
"230620 ITAICABA";1
"230625 ITAITINGA";1
"230730 JUAZEIRO DO NORTE";9
"230760 LIMOEIRO DO NORTE";2
"230765 MARACANAU";11
"230790 MARTINOPOLE";1
"230800 MASSAPE";1
"230870 MORADA NOVA";4
"231080 PEREIRO";5
"231140 QUIXERAMOBIM";27
"231150 QUIXERE";1
"231180 RUSSAS";16
"231230 SAO BENEDITO";1
"231260 SAO LUIS DO CURU";1
"231270 SENADOR POMPEU";1
"231290 SOBRAL";18
"231340 TIANGUA";26
"231360 UBAJARA";4
"231410 VICOSA DO CEARA";4
"240100 APODI";1
"240200 CAICO";7
"240230 CARAUBAS";1
"240450 GUAMARE";1
"240610 JUCURUTU";1
"240700 LUIS GOMES";1
"240800 MOSSORO";10
"240810 NATAL";44
"241230 SAO JOSE DO CAMPESTRE";1
"241260 SAO PAULO DO POTENGI";1
"241415 TENENTE LAURENTINO CRUZ";1
"241420 TIBAU DO SUL";1
"241490 VICOSA";1
"250320 CABEDELO";4
"250400 CAMPINA GRANDE";6
"250750 JOAO PESSOA";12
"250860 LUCENA";1
"251080 PATOS";11
"251370 SANTA RITA";1
"251380 SANTA TERESINHA";1
"251630 SUME";1
"251670 TEIXEIRA";1
"260040 AGUA PRETA";1
"260140 BARREIROS";3
"260190 BEZERROS";1
"260220 BOM JARDIM";1
"260290 CABO DE SANTO AGOSTINHO";138
"260345 CAMARAGIBE";2
"260450 CHA GRANDE";4
"260600 GARANHUNS";2
"260720 IPOJUCA";3
"260790 JABOATAO DOS GUARARAPES";9
"260805 JATOBA";4
"260875 LAGOA GRANDE";1
"260960 OLINDA";1
"261070 PAULISTA";1
"261110 PETROLINA";7
"261140 PRIMAVERA";2
"261160 RECIFE";14
"261190 RIO FORMOSO";1
"261240 SANHARO";1
"261250 SANTA CRUZ DO CAPIBARIBE";2
"261340 SAO JOSE DA COROA GRANDE";1
"270030 ARAPIRACA";14
"270140 CAMPO ALEGRE";4
"270240 DELMIRO GOUVEIA";6
"270430 MACEIO";39
"270500 MATA GRANDE";1
"270630 PALMEIRA DOS INDIOS";3
"270642 PARICONHA";1
"270730 PORTO CALVO";1
"270810 SANTANA DO MUNDAU";1
"270860 SAO MIGUEL DOS CAMPOS";1
"270930 UNIAO DOS PALMARES";1
"280030 ARACAJU";22
"280120 CANINDE DE SAO FRANCISCO";4
"280350 LAGARTO";5
"280420 MONTE ALEGRE DE SERGIPE";1
"280550 POCO VERDE";2
"290070 ALAGOINHAS";7
"290090 ALMADINA";1
"290110 AMELIA RODRIGUES";1
"290190 APORA";1
"290260 BAIXA GRANDE";1
"290290 BARRA DO CHOCA";1
"290320 BARREIRAS";6
"290340 BELMONTE";2
"290370 BOA NOVA";7
"290390 BOM JESUS DA LAPA";1
"290395 BOM JESUS DA SERRA";8
"290405 BONITO";3
"290430 BREJOES";1
"290450 BROTAS DE MACAUBAS";1
"290520 CAETITE";6
"290540 CAIRU";1
"290570 CAMACARI";22
"290800 COARACI";1
"290840 CONCEICAO DO COITE";9
"291080 FEIRA DE SANTANA";11
"291120 GANDU";1
"291230 IBICUI";2
"291280 IBIRAPUA";1
"291320 IBOTIRAMA";2
"291345 IGRAPIUNA";2
"291360 ILHEUS";2
"291470 ITABERABA";42
"291480 ITABUNA";5
"291490 ITACARE";1
"291640 ITAPETINGA";1
"291685 ITATIM";1
"291700 ITIUBA";1
"291740 JACARACI";1
"291750 JACOBINA";5
"291800 JEQUIE";10
"291840 JUAZEIRO";8
"291880 LAJE";1
"291905 LAJEDO DO TABOCAL";1
"291955 LUIS EDUARDO MAGALHAES";2
"292050 MARACAS";4
"292080 MARCIONILIO SOUZA";2
"292110 MEDEIROS NETO";15
"292260 NILO PECANHA";6
"292265 NORDESTINA";1
"292490 PLANALTINO";1
"292525 PONTO NOVO";1
"292575 PRESIDENTE TANCREDO NEVES";1
"292590 QUIJINGUE";1
"292650 RIBEIRA DO AMPARO";2
"292680 RIO DO ANTONIO";3
"292740 SALVADOR";95
"292800 SANTALUZ";2
"292830 SANTANOPOLIS";1
"292850 SANTA TERESINHA";1
"292870 SANTO ANTONIO DE JESUS";23
"292937 SAO JOSE DO JACUIPE";1
"292950 SAO SEBASTIAO DO PASSE";1
"293010 SENHOR DO BONFIM";2
"293110 TANQUINHO";1
"293120 TAPEROA";2
"293135 TEIXEIRA DE FREITAS";22
"293200 UAUA";1
"293320 VERA CRUZ";1
"293325 VEREDA";1
"293330 VITORIA DA CONQUISTA";21
"293345 WANDERLEY";1
"310050 ACUCENA";1
"310070 AGUA COMPRIDA";1
"310100 AGUAS VERMELHAS";1
"310110 AIMORES";1
"310170 ALMENARA";3
"310190 ALPINOPOLIS";1
"310260 ANDRADAS";17
"310280 ANDRELANDIA";2
"310320 ARACAI";3
"310330 ARACITABA";3
"310350 ARAGUARI";1
"310400 ARAXA";32
"310450 ARINOS";2
"310480 AUGUSTO DE LIMA";2
"310510 BAMBUI";2
"310560 BARBACENA";34
"310590 BARROSO";2
"310620 BELO HORIZONTE";248
"310670 BETIM";345
"310690 BICAS";1
"310730 BOCAIUVA";2
"310790 BOM REPOUSO";11
"310830 BORDA DA MATA";4
"310850 BOTUMIRIM";2
"310855 BRASILANDIA DE MINAS";6
"310860 BRASILIA DE MINAS";1
"310880 BRAUNAS";3
"310900 BRUMADINHO";14
"310920 BUENOPOLIS";1
"310980 CACHOEIRA DOURADA";2
"311020 CAJURI";1
"311060 CAMBUI";1
"311090 CAMPANHA";1
"311120 CAMPO BELO";2
"311150 CAMPOS ALTOS";1
"311180 CANAPOLIS";2
"311200 CANDEIAS";11
"311230 CAPELINHA";8
"311250 CAPIM BRANCO";3
"311300 CARAI";1
"311320 CARANDAI";1
"311330 CARANGOLA";4
"311370 CARLOS CHAGAS";1
"311390 CARMO DA CACHOEIRA";1
"311450 CARMOPOLIS DE MINAS";2
"311455 CARNEIRINHO";3
"311490 CASA GRANDE";1
"311530 CATAGUASES";1
"311570 CENTRAL DE MINAS";1
"311600 CHALE";2
"311610 CHAPADA DO NORTE";6
"311620 CHIADOR";1
"311730 CONCEICAO DAS ALAGOAS";1
"311760 CONCEICAO DO PARA";1
"311820 CONQUISTA";1
"311860 CONTAGEM";195
"311890 CORDISBURGO";2
"311910 CORINTO";1
"311920 COROACI";6
"311970 CORONEL XAVIER CHAVES";2
"312000 CORREGO NOVO";1
"312030 CRISTALIA";1
"312050 CRISTINA";1
"312087 CURRAL DE DENTRO";1
"312090 CURVELO";54
"312125 DELTA";1
"312160 DIAMANTINA";1
"312240 DIVISA NOVA";1
"312300 DORES DE CAMPOS";1
"312320 DORES DO INDAIA";1
"312330 DORES DO TURVO";1
"312380 ENGENHEIRO NAVARRO";3
"312410 ESMERALDAS";8
"312430 ESPINOSA";1
"312440 ESPIRITO SANTO DO DOURADO";3
"312450 ESTIVA";1
"312510 EXTREMA";3
"312600 FLORESTAL";1
"312610 FORMIGA";1
"312630 FORTALEZA DE MINAS";1
"312660 FRANCISCO DUMONT";5
"312720 FUNILANDIA";3
"312770 GOVERNADOR VALADARES";15
"312790 GRUPIARA";2
"312810 GUAPE";1
"312825 GUARACIAMA";4
"312850 GUARARA";2
"312870 GUAXUPE";1
"312890 GUIMARANIA";2
"312930 IAPU";1
"312950 IBIA";1
"312980 IBIRITE";3
"313010 IGARAPE";2
"313050 ILICINEA";1
"313055 IMBE DE MINAS";2
"313060 INCONFIDENTES";2
"313065 INDAIABIRA";1
"313080 INGAI";1
"313090 INHAPIM";2
"313100 INHAUMA";1
"313110 INIMUTABA";1
"313115 IPABA";1
"313130 IPATINGA";9
"313170 ITABIRA";1
"313220 ITAGUARA";1
"313240 ITAJUBA";11
"313250 ITAMARANDIBA";1
"313270 ITAMBACURI";1
"313290 ITAMOGI";15
"313360 ITAPEVA";1
"313375 ITAU DE MINAS";3
"313390 ITAVERAVA";1
"313490 JACUTINGA";3
"313500 JAGUARACU";1
"313510 JANAUBA";1
"313520 JANUARIA";1
"313545 JENIPAPO DE MINAS";1
"313560 JEQUITAI";1
"313660 NOVA UNIAO";1
"313670 JUIZ DE FORA";149
"313690 JURUAIA";1
"313740 LAGOA DOURADA";1
"313820 LAVRAS";2
"313850 LIBERDADE";3
"313930 MANGA";2
"314015 MARIO CAMPOS";4
"314070 MATEUS LEME";2
"314110 MATOZINHOS";1
"314225 MIRAVANIA";1
"314230 MOEDA";3
"314290 MONTE AZUL";1
"314310 MONTE CARMELO";1
"314330 MONTES CLAROS";37
"314345 MONTEZUMA";7
"314350 MORADA NOVA DE MINAS";2
"314360 MORRO DA GARCA";1
"314390 MURIAE";3
"314400 MUTUM";1
"314430 NANUQUE";1
"314467 NOVA BELEM";1
"314470 NOVA ERA";1
"314480 NOVA LIMA";16
"314505 NOVA PORTEIRINHA";1
"314520 NOVA SERRANA";1
"314560 OLIVEIRA";4
"314600 OURO FINO";2
"314610 OURO PRETO";1
"314625 PADRE CARVALHO";1
"314650 PAINS";40
"314690 PAPAGAIOS";2
"314700 PARACATU";1
"314710 PARA DE MINAS";5
"314730 PARAISOPOLIS";1
"314740 PARAOPEBA";3
"314750 PASSABEM";2
"314780 PASSA-VINTE";1
"314790 PASSOS";6
"314810 PATROCINIO";12
"314830 PAULA CANDIDO";1
"314860 PECANHA";1
"314870 PEDRA AZUL";1
"314960 PEQUI";2
"314970 PERDIGAO";1
"314980 PERDIZES";1
"314995 PERIQUITO";1
"315050 PIMENTA";3
"315060 PIRACEMA";1
"315150 PIUMHI";4
"315170 POCO FUNDO";1
"315180 POCOS DE CALDAS";5
"315220 PORTEIRINHA";2
"315250 POUSO ALEGRE";6
"315280 PRATA";4
"315320 PRESIDENTE JUSCELINO";1
"315330 PRESIDENTE KUBITSCHEK";1
"315360 PRUDENTE DE MORAIS";1
"315370 QUARTEL GERAL";1
"315390 RAPOSOS";2
"315440 RESSAQUINHA";1
"315460 RIBEIRAO DAS NEVES";41
"315530 RIO MANSO";7
"315560 RIO PARDO DE MINAS";5
"315610 RITAPOLIS";5
"315670 SABARA";1
"315690 SACRAMENTO";1
"315700 SALINAS";1
"315710 SALTO DA DIVISA";1
"315733 SANTA CRUZ DE MINAS";2
"315737 SANTA CRUZ DE SALINAS";2
"315740 SANTA CRUZ DO ESCALVADO";2
"315760 SANTA FE DE MINAS";16
"315770 SANTA JULIANA";2
"315780 SANTA LUZIA";2
"315840 SANTANA DE CATAGUASES";1
"315860 SANTANA DO DESERTO";1
"315910 SANTANA DOS MONTES";1
"315930 SANTA RITA DE JACUTINGA";6
"315980 SANTA VITORIA";1
"316010 SANTO ANTONIO DO GRAMA";1
"316030 SANTO ANTONIO DO JACINTO";1
"316040 SANTO ANTONIO DO MONTE";1
"316100 SAO DOMINGOS DO PRATA";1
"316160 SAO GERALDO DA PIEDADE";1
"316220 SAO JOAO BATISTA DO GLORIA";1
"316250 SAO JOAO DEL REI";1
"316280 SAO JOAO EVANGELISTA";1
"316292 SAO JOAQUIM DE BICAS";14
"316447 SAO SEBASTIAO DO ANTA";1
"316450 SAO SEBASTIAO DO MARANHAO";1
"316470 SAO SEBASTIAO DO PARAISO";1
"316480 SAO SEBASTIAO DO RIO PRETO";1
"316510 SAO TOMAS DE AQUINO";2
"316553 SARZEDO";2
"316557 SENADOR AMARAL";1
"316560 SENADOR CORTES";1
"316570 SENADOR FIRMINO";1
"316590 SENADOR MODESTINO GONCALVES";1
"316695 SERRANOPOLIS DE MINAS";2
"316720 SETE LAGOAS";6
"316750 SIMAO PEREIRA";1
"316770 SOBRALIA";2
"316790 TABULEIRO";1
"316800 TAIOBEIRAS";2
"316830 TAQUARACU DE MINAS";1
"316870 TIMOTEO";1
"316920 TOMBOS";1
"316935 TRES MARIAS";3
"316940 TRES PONTAS";1
"316990 UBA";4
"317010 UBERABA";21
"317020 UBERLANDIA";10
"317030 UMBURATIBA";2
"317050 URUCANIA";2
"317065 VARGEM GRANDE DO RIO PARDO";4
"317070 VARGINHA";1
"317090 VARZELANDIA";1
"317100 VAZANTE";1
"317110 VERISSIMO";1
"320010 AFONSO CLAUDIO";1
"320016 AGUA DOCE DO NORTE";1
"320020 ALEGRE";1
"320040 ANCHIETA";2
"320070 ATILIO VIVACQUA";268
"320120 CACHOEIRO DE ITAPEMIRIM";1
"320130 CARIACICA";3
"320150 COLATINA";4
"320240 GUARAPARI";2
"320260 ICONHA";5
"320265 IRUPI";1
"320280 ITAPEMIRIM";2
"320310 JERONIMO MONTEIRO";1
"320340 MIMOSO DO SUL";1
"320350 MONTANHA";1
"320370 MUNIZ FREIRE";2
"320425 PONTO BELO";1
"320455 SANTA MARIA DE JETIBA";1
"320490 SAO MATEUS";2
"320503 VARGEM ALTA";1
"320530 VITORIA";58
"330010 ANGRA DOS REIS";139
"330020 ARARUAMA";1
"330023 ARMACAO DOS BUZIOS";2
"330025 ARRAIAL DO CABO";1
"330070 CABO FRIO";2
"330130 CASIMIRO DE ABREU";1
"330170 DUQUE DE CAXIAS";1
"330190 ITABORAI";5
"330220 ITAPERUNA";1
"330240 MACAE";19
"330250 MAGE";13
"330260 MANGARATIBA";2
"330270 MARICA";3
"330340 NOVA FRIBURGO";1
"330370 PARAIBA DO SUL";2
"330412 QUATIS";4
"330415 QUISSAMA";4
"330420 RESENDE";5
"330452 RIO DAS OSTRAS";1
"330455 RIO DE JANEIRO";158
"330520 SAO PEDRO DA ALDEIA";1
"330570 SUMIDOURO";3
"330610 VALENCA";2
"350010 ADAMANTINA";1
"350140 ALVARO DE CARVALHO";1
"350160 AMERICANA";3
"350190 AMPARO";30
"350200 ANALANDIA";1
"350275 ARACARIGUAMA";1
"350320 ARARAQUARA";5
"350330 ARARAS";1
"350450 AVARE";3
"350580 BASTOS";1
"350590 BATATAIS";18
"350600 BAURU";22
"350670 BOA ESPERANCA DO SUL";1
"350715 BOM SUCESSO DE ITARARE";1
"350750 BOTUCATU";8
"350760 BRAGANCA PAULISTA";1
"350900 CAIEIRAS";1
"350930 CAJOBI";1
"350950 CAMPINAS";56
"351210 COLOMBIA";3
"351320 CRISTAIS PAULISTA";1
"351340 CRUZEIRO";1
"351350 CUBATAO";9
"351380 DIADEMA";66
"351410 DOIS CORREGOS";1
"351518 ESPIRITO SANTO DO PINHAL";2
"351640 FRANCO DA ROCHA";6
"351700 GETULINA";5
"351810 GUARANTA";3
"351880 GUARULHOS";5
"351907 HORTOLANDIA";1
"351990 IEPE";1
"352044 ILHA SOLTEIRA";10
"352050 INDAIATUBA";5
"352080 INUBIA PAULISTA";4
"352215 ITAOCA";1
"352240 ITAPEVA";32
"352310 ITAQUAQUECETUBA";9
"352320 ITARARE";1
"352330 ITARIRI";1
"352380 ITOBI";6
"352530 JAU";44
"352550 JOANOPOLIS";5
"352590 JUNDIAI";16
"352610 JUQUIA";3
"352680 LENCOIS PAULISTA";1
"352730 LOUVEIRA";1
"352740 LUCELIA";4
"352860 MANDURI";3
"352900 MARILIA";40
"352940 MAUA";3
"353000 MIRA ESTRELA";1
"353060 MOGI DAS CRUZES";3
"353070 MOGI GUACU";9
"353160 MONTE CASTELO";1
"353282 NOVA CAMPINA";1
"353370 OCAUCU";1
"353460 OSVALDO CRUZ";1
"353620 PARIQUERA-ACU";13
"353870 PIRACICABA";10
"354140 PRESIDENTE PRUDENTE";2
"354250 REGINOPOLIS";1
"354260 REGISTRO";26
"354340 RIBEIRAO PRETO";132
"354390 RIO CLARO";21
"354430 ROSEIRA";1
"354450 RUBINEIA";1
"354515 SALTINHO";1
"354530 SALTO DE PIRAPORA";2
"354670 SANTA GERTRUDES";3
"354680 SANTA ISABEL";1
"354780 SANTO ANDRE";9
"354810 SANTO ANTONIO DO JARDIM";3
"354850 SANTOS";6
"354870 SAO BERNARDO DO CAMPO";10
"354890 SAO CARLOS";2
"354910 SAO JOAO DA BOA VISTA";14
"354980 SAO JOSE DO RIO PRETO";5
"354990 SAO JOSE DOS CAMPOS";34
"355030 SAO PAULO";62
"355070 SAO SEBASTIAO";1
"355170 SERTAOZINHO";1
"355220 SOROCABA";15
"355250 SUZANO";1
"410060 ALTO PARANA";1
"410070 ALTO PIQUIRI";1
"410105 ANAHY";1
"410150 ARAPONGAS";7
"410160 ARAPOTI";1
"410180 ARAUCARIA";4
"410260 BARRACAO";2
"410275 BELA VISTA DA CAROBA";1
"410290 BITURUNA";5
"410322 BOM SUCESSO DO SUL";1
"410400 CAMPINA GRANDE DO SUL";1
"410410 CAMPO DO TENENTE";1
"410465 CARAMBEI";1
"410480 CASCAVEL";50
"410580 COLOMBO";4
"410645 CORONEL DOMINGOS SOARES";1
"410650 CORONEL VIVIDA";1
"410690 CURITIBA";213
"410715 DIAMANTE D'OESTE";1
"410725 DOURADINA";3
"410754 ESPIGAO ALTO DO IGUACU";1
"410765 FAZENDA RIO GRANDE";2
"410830 FOZ DO IGUACU";1
"410950 GUARAQUECABA";1
"410960 GUARATUBA";1
"410965 HONORIO SERPA";3
"410980 IBIPORA";1
"410990 ICARAIMA";1
"411010 IMBITUVA";31
"411065 IRACEMA DO OESTE";1
"411070 IRATI";1
"411370 LONDRINA";20
"411390 MALLET";1
"411510 MARILUZ";1
"411520 MARINGA";12
"411560 MATELANDIA";1
"411580 MEDIANEIRA";1
"411670 NOVA AURORA";13
"411770 PALMEIRA";1
"411840 PARANAVAI";2
"411850 PATO BRANCO";6
"411860 PAULA FREITAS";4
"411870 PAULO FRONTIN";1
"411915 PINHAIS";3
"411920 PINHALAO";1
"411930 PINHAO";1
"411965 PITANGUEIRAS";1
"411970 PLANALTINA DO PARANA";4
"412035 PRANCHITA";1
"412060 PRUDENTOPOLIS";1
"412120 QUITANDINHA";8
"412200 RIO AZUL";3
"412215 RIO BONITO DO IGUACU";1
"412220 RIO BRANCO DO SUL";2
"412240 ROLANDIA";2
"412382 SANTA LUCIA";5
"412405 SANTA TEREZINHA DE ITAIPU";1
"412550 SAO JOSE DOS PINHAIS";1
"412667 TAMARANA";1
"412760 TIJUCAS DO SUL";1
"412796 TURVO";1
"412863 DOUTOR ULYSSES";1
"420240 BLUMENAU";3
"420243 BOCAINA DO SUL";4
"420420 CHAPECO";2
"420460 CRICIUMA";3
"420535 FLOR DO SERTAO";4
"420540 FLORIANOPOLIS";23
"420545 FORQUILHINHA";1
"420580 GARUVA";4
"420665 GUATAMBU";1
"420775 IRACEMINHA";1
"420830 ITAPEMA";4
"420910 JOINVILLE";58
"421010 MAFRA";3
"421120 MORRO DA FUMACA";1
"421130 NAVEGANTES";1
"421175 OTACILIO COSTA";3
"421200 PALMA SOLA";1
"421310 PIRATUBA";1
"421410 PRESIDENTE NEREU";1
"421660 SAO JOSE";1
"421835 TREVISO";1
"421885 UNIAO DO OESTE";1
"421900 URUSSANGA";2
"421950 XANXERE";8
"430010 AGUDO";2
"430040 ALEGRETE";98
"430057 ALTO FELIZ";2
"430060 ALVORADA";1
"430070 ANTA GORDA";1
"430160 BAGE";1
"430187 BARRA DO QUARAI";1
"430190 BARRA DO RIBEIRO";1
"430310 CACHOEIRINHA";7
"430420 CANDELARIA";1
"430460 CANOAS";1
"430466 CAPAO DO LEAO";2
"430468 CAPELA DE SANTANA";2
"430470 CARAZINHO";1
"430471 CARAA";2
"430500 CATUIPE";1
"430510 CAXIAS DO SUL";155
"430513 CERRO BRANCO";1
"430535 CHARQUEADAS";1
"430610 CRUZ ALTA";2
"430650 DOM FELICIANO";1
"430690 ENCRUZILHADA DO SUL";2
"430700 ERECHIM";6
"430760 ESTANCIA VELHA";1
"430790 FARROUPILHA";2
"430910 GRAMADO";1
"430915 GRAMADO XAVIER";2
"430920 GRAVATAI";14
"430930 GUAIBA";3
"431010 IGREJINHA";1
"431020 IJUI";3
"431033 IMBE";2
"431043 IPE";1
"431085 JABOTICABA";1
"431140 LAJEADO";7
"431150 LAVRAS DO SUL";1
"431175 MANOEL VIANA";1
"431180 MARAU";56
"431240 MONTENEGRO";1
"431280 NOVA ARACA";1
"431306 NOVA HARTZ";1
"431337 NOVA SANTA RITA";1
"431340 NOVO HAMBURGO";2
"431370 PALMEIRA DAS MISSOES";6
"431390 PANAMBI";1
"431395 PANTANO GRANDE";1
"431410 PASSO FUNDO";13
"431420 PEDRO OSORIO";1
"431445 PINHAL";2
"431449 PINHEIRINHO DO VALE";1
"431490 PORTO ALEGRE";69
"431517 PROTASIO ALVES";1
"431530 QUARAI";1
"431532 QUEVEDOS";1
"431560 RIO GRANDE";4
"431570 RIO PARDO";1
"431640 ROSARIO DO SUL";1
"431675 SANTA CLARA DO SUL";1
"431680 SANTA CRUZ DO SUL";14
"431690 SANTA MARIA";14
"431720 SANTA ROSA";11
"431740 SANTIAGO";2
"431750 SANTO ANGELO";2
"431770 SANTO ANTONIO DAS MISSOES";1
"431830 SAO GABRIEL";1
"431843 SAO JOAO DO POLESINE";1
"431846 SAO JOSE DO HERVAL";1
"431870 SAO LEOPOLDO";1
"431960 SAO SEPE";2
"431990 SAPIRANGA";2
"432032 SENADOR SALGADO FILHO";1
"432055 SERTAO SANTANA";1
"432070 SOBRADINHO";1
"432145 TEUTONIA";3
"432149 TOROPI";2
"432162 TRAVESSEIRO";1
"432190 TRES PASSOS";1
"432210 TUCUNDUVA";5
"432260 VENANCIO AIRES";1
"432270 VERA CRUZ";2
"432290 VIADUTOS";1
"432300 VIAMAO";2
"432380 XANGRI-LA";1
"500070 ANASTACIO";8
"500110 AQUIDAUANA";2
"500260 CAMAPUA";1
"500270 CAMPO GRANDE";20
"500280 CARACOL";1
"500310 CORGUINHO";1
"500320 CORUMBA";3
"500345 DEODAPOLIS";1
"500370 DOURADOS";16
"500450 ITAPORA";3
"500480 JAPORA";1
"500490 JARAGUARI";1
"500580 NIOAQUE";1
"500600 NOVA ALVORADA DO SUL";1
"500660 PONTA PORA";4
"500750 ROCHEDO";3
"500755 SANTA RITA DO PARDO";1
"500780 SELVIRIA";1
"500830 TRES LAGOAS";3
"510020 AGUA BOA";2
"510170 BARRA DO BUGRES";1
"510180 BARRA DO GARCAS";2
"510250 CACERES";2
"510263 CAMPO NOVO DO PARECIS";1
"510285 CASTANHEIRA";2
"510320 COLIDER";5
"510340 CUIABA";1
"510410 GUARANTA DO NORTE";5
"510460 ITIQUIRA";1
"510480 JACIARA";1
"510515 JUINA";1
"510517 JURUENA";3
"510520 JUSCIMEIRA";1
"510530 LUCIARA";1
"510562 MIRASSOL D'OESTE";1
"510619 NOVA SANTA HELENA";6
"510621 NOVA CANAA DO NORTE";1
"510622 NOVA MUTUM";2
"510625 NOVA XAVANTINA";1
"510627 NOVO HORIZONTE DO NORTE";2
"510642 PEIXOTO DE AZEVEDO";1
"510645 PLANALTO DA SERRA";1
"510665 PONTAL DO ARAGUAIA";2
"510675 PONTES E LACERDA";4
"510704 PRIMAVERA DO LESTE";6
"510760 RONDONOPOLIS";2
"510785 SAO FELIX DO ARAGUAIA";6
"510790 SINOP";2
"520030 ALEXANIA";1
"520110 ANAPOLIS";15
"520140 APARECIDA DE GOIANIA";2
"520340 BOM JARDIM DE GOIAS";1
"520440 CAIAPONIA";1
"520590 CORUMBAIBA";3
"520620 CRISTALINA";1
"520790 FLORES DE GOIAS";1
"520800 FORMOSA";2
"520815 GAMELEIRA DE GOIAS";1
"520870 GOIANIA";12
"521150 ITUMBIARA";2
"521770 PONTALINA";4
"521810 PORTELANDIA";1
"521900 SANCLERLANDIA";1
"521945 SANTA RITA DO NOVO DESTINO";1
"522157 UIRAPURU";1
"530010 BRASILIA";2423
"Total";8954
 Fonte: Ministério da Saúde/SVS - Sistema de Informação de Agravos de Notificação - Sinan Net
 Notas:
 
 Períodos Disponíveis / Período - Correspondem aos anos de notificação dos casos.
 CAT - Comunicação de acidente de trabalho O campo "CNAE – Ativ. Econ." considera os códigos referentes as tabelas CNAE 1.0.
 Dados a partir 2020 do Espírito Santo não estão disponíveis neste sistema, pois são oriundos do Sistema de Informação e-SUS VS,
 em uso pelo estado desde janeiro de 2020.
 Dados de 2006 a 2017 revisados e atualizados em 15/08/2022.
 Dados de 2018 revisados e atualizados em 22/08/2022.
 Dados de 2019 atualizados em junho de 2023.
 Dados de 2020 atualizados em junho de 2023, sujeitos à revisão.
 Dados de 2021 revisados e atualizados em agosto de 2023, sujeitos à revisão.
 Dados de 2022 revisados e atualizados em julho de 2023, sujeitos à revisão.
 Dados de 2023 atualizados em janeiro de 2024, sujeitos à revisão.
 * Dados disponibilizados no TABNET em fevereiro de 2024.
 
